ID,Tweet,Influenza,Diarrhea,Hayfever,Cough,Headache,Fever,Runnynose,Cold
1ja,風邪を引くと全身がだるくなる。,n,n,n,n,n,n,n,p
2ja,花粉症の症状が出てきたのは久し振りだ。,n,n,p,n,n,n,p,n
3ja,花粉症のせいでずっと微熱でぼーっとしてる。眠い。,n,n,p,n,n,p,p,n
4ja,薬飲んだけど鼻水おさまる気配なし,n,n,n,n,n,n,p,n
5ja,ネパールに旅行に行った際に下痢になって大変だったよ。,n,n,n,n,n,n,n,n
6ja,咳くらいで休むのはゆとりだけだろ。どんなときでも仕事にでるのは大事だ。,n,n,n,p,n,n,n,n
7ja,鼻づまりで今日は休むわー,n,n,n,n,n,n,p,n
8ja,まさか花粉症になるとは。,n,n,p,n,n,n,p,n
9ja,熱は出てるけどお腹に来る風邪じゃなさそう。,n,n,n,n,n,p,n,p
10ja,痰に血が混じってきもい,n,n,n,p,n,n,n,n
11ja,来春は花粉が少ないとか言われても、秋の花粉症のほうが重症な私には関係ない。,n,n,n,n,n,n,n,n
12ja,あかん。咳込みすぎて頭まで痛くなってきた,n,n,n,p,p,n,n,n
13ja,微熱が出たから風邪かなって思ったら花粉症だった、花粉症でも熱出るって知らんかった,n,n,p,n,n,p,p,p
14ja,インフルエンザのワクチン打ちに行ってきた。,n,n,n,n,n,n,n,n
15ja,頭痛がやばいから帰宅して寝るー,n,n,n,n,p,n,n,n
16ja,風邪もりっぱな病気の１つ。,n,n,n,n,n,n,n,n
17ja,サッカーの試合観戦のため、ネパールに行っている間中下痢に苦しんだ。,n,n,n,n,n,n,n,n
18ja,痰抑える方法ないかな。,n,n,n,p,n,n,n,n
19ja,最悪だー風邪ひいたー。頭がぼーっとする。,n,n,n,n,n,n,n,p
20ja,犬のブログを通じて知り合った人が鼻づまりで息ができず苦しいらしい。たかが鼻水だけの鼻風邪と侮れない。,n,n,n,n,n,n,n,n
21ja,風邪だから薬を飲んでいるけど、副作用のせいで眠い。休めるなら休めばよかった・・・,n,n,n,n,n,n,n,p
22ja,痰が出てるから熱計ってみたら、高熱だった。,n,n,n,p,n,p,n,n
23ja,花粉症だと思っていたのにまさかの微熱。風邪かもしれない。,n,n,p,n,n,p,p,p
24ja,朝から頭痛がやばい。昨日飲みすぎたのかな。,n,n,n,n,p,n,n,n
25ja,スペイン風邪ってのが昔流行った。,n,n,n,n,n,n,n,n
26ja,風邪と頭痛で頭がぼーっとする。,n,n,n,n,p,n,n,p
27ja,今年二回目のインフルになったんだけど、これって原発事故による放射能で体力落ちちゃったのが原因じゃねぇの？,p,n,n,n,n,p,n,n
28ja,下痢ひどすぎで笑うわ,n,p,n,n,n,n,n,n
29ja,きつい頭痛が襲っている僕は今どこにいるんだろう？,n,n,n,n,p,n,n,n
30ja,この契約が上手くいかないのは頭痛の種でしかない。,n,n,n,n,n,n,n,n
31ja,まさかインフルにかかると思わなかったぜ。ワクチン打ったのになー,p,n,n,n,n,p,n,n
32ja,頭痛ひどいし鼻水止まんないし今日は休むことにする。,n,n,n,n,p,n,p,n
33ja,熱が出なくてもリンパが腫れることがよくある。,n,n,n,n,n,n,n,n
34ja,大人になってかかるおたふく風邪つらすぎ,n,n,n,n,n,n,n,n
35ja,風呂に入ったら頭痛が大分良くなったなー。,n,n,n,n,p,n,n,n
36ja,熱があるんでまだ仕事に復帰できねえ,n,n,n,n,n,p,n,n
37ja,今年の風邪は熱が出るってニュースでやってたー。,n,n,n,n,n,n,n,n
38ja,風邪による熱だと思って強い解熱剤を飲んでいたのに違う病気だったらしい。,n,n,n,n,n,p,n,p
39ja,インフル対策に外出時は、マスクをしてるよ。,n,n,n,n,n,n,n,n
40ja,いつの間にかインフルエンザの季節になったわ。,n,n,n,n,n,n,n,n
41ja,妻が花粉症で微熱が出て水も飲めなくなってしまった・・・,n,n,p,n,n,p,p,n
42ja,人の前で咳をするなんてわざとらしいと思わない？,n,n,n,p,n,n,n,n
43ja,本格的に風邪を引いたらしく、だるいし頭がぼーっとする。,n,n,n,n,n,n,n,p
44ja,アトピーと花粉症が重なってつらい,n,n,p,n,n,n,p,n
45ja,さっさと鼻づまりを解消したいよー。,n,n,n,n,n,n,p,n
46ja,お腹の具合が悪くて最近ずっと下痢してるわ。,n,p,n,n,n,n,n,n
47ja,風邪の時は免疫力を頼って、出来るだけ解熱剤を使わないようにするんだよね。,n,n,n,n,n,n,n,p
48ja,花粉症に処方するめっちゃきく薬誰かつくってー！,n,n,p,n,n,n,p,n
49ja,咳エチケット守らねえやつは電車乗んな。,n,n,n,p,n,n,n,n
50ja,風邪くらいで休めると思うなよ,n,n,n,n,n,n,n,p
51ja,花粉症対策に使う時間がもったいない,n,n,n,n,n,n,n,n
52ja,風邪っぽいと思い込んでると本格的に風邪ひいた,n,n,n,n,n,n,n,p
53ja,中国だと花粉症も悪化するみたい。,n,n,n,n,n,n,n,n
54ja,風邪薬を開発する仕事してたんだよね。,n,n,n,n,n,n,n,n
55ja,私、おたふく風邪になったことがない！,n,n,n,n,n,n,n,n
56ja,鼻水がひどすぎて苦しすぎて無理だ,n,n,n,n,n,n,p,n
57ja,風邪を治す薬って開発されているのかな？,n,n,n,n,n,n,n,n
58ja,熱があって出かけられなかったから、ずっとテレビ見てた。,n,n,n,n,n,p,n,n
59ja,家に帰ると、頭痛がする,n,n,n,n,p,n,n,n
60ja,鼻づまりなんてもう無理だ。,n,n,n,n,n,n,p,n
61ja,高熱が出て仕事中、鼻水が止まらなくて焦った。,n,n,n,n,n,p,p,n
62ja,頭痛の時は寄り道せずにすぐ帰宅するべき。,n,n,n,n,p,n,n,n
63ja,風邪薬飲んだけど咳止まらない。腹筋が痛い。,n,n,n,p,n,n,n,p
64ja,早くも花粉症の季節がやってきた。,n,n,n,n,n,n,n,n
65ja,やっぱり女性のエチケットとして咳をする時は口を抑えるべき！,n,n,n,p,n,n,n,n
66ja,今日インフルの手術じゃないただの注射なのにビビる,n,n,n,n,n,n,n,n
67ja,咳のときには、マスクするのがエチケット。,n,n,n,p,n,n,n,n
68ja,鼻づまり解消情報、ブログにないかな,n,n,n,n,n,n,p,n
69ja,熱があるので涼しいとこ行っていいよね？,n,n,n,n,n,p,n,n
70ja,こんな激しい頭痛は久し振りだ。もう帰宅します。,n,n,n,n,p,n,n,n
71ja,うーん、このタイミングで風邪とか最悪だ。,n,n,n,n,n,n,n,p
72ja,担任がインフルという危機的な状況。,p,n,n,n,n,p,n,n
73ja,だるいと思ったけど、頭痛がしてきた,n,n,n,n,p,n,n,n
74ja,指数関数的に風邪患者が増えているらしい。,n,n,n,n,n,n,n,n
75ja,朝起きて、いきなり頭痛はやばいだろ。,n,n,n,n,p,n,n,n
76ja,今回風邪ひいたのは家族の中で私が最初だった。,n,n,n,n,n,n,n,p
77ja,鼻風邪がつらかったから、柔らかいティッシュが嬉しい。,n,n,n,n,n,n,p,p
78ja,激しい頭痛だけど、医者に断られた,n,n,n,n,p,n,n,n
79ja,最近ちょっとお腹痛い、下痢気味です。,n,p,n,n,n,n,n,n
80ja,犬も鼻づまりになるんだ。,n,n,n,n,n,n,n,n
81ja,痰を抑える食べ物って何？教えてくれー！,n,n,n,p,n,n,n,n
82ja,スペイン風邪という病気があるらしいぜ,n,n,n,n,n,n,n,n
83ja,インフルで部活休むー,p,n,n,n,n,p,n,n
84ja,朝から下痢とかやばい。,n,p,n,n,n,n,n,n
85ja,ニュースで熱が高い人は病気知らずと言っていた,n,n,n,n,n,n,n,n
86ja,耳鼻科に行ったら副鼻腔炎だって。鼻風邪って副鼻腔炎？よくわからないけど薬の量がやばい。,n,n,n,n,n,n,p,p
87ja,鳥インフルの季節だってのに国内での検査の体制が整ってなくて全く御粗末だな。,n,n,n,n,n,n,n,n
88ja,弁当を買ったら容器の熱が凄くてほっかほかにもほどがある。,n,n,n,n,n,n,n,n
89ja,寝すぎて背中痛い。インフルまじ勘弁,p,n,n,n,n,p,n,n
90ja,携帯の熱を冷ますには涼しい場所に置くのがいいらしい。,n,n,n,n,n,n,n,n
91ja,風邪のせいで鼻づまりがひどすぎる。,n,n,n,n,n,n,p,p
92ja,昨日から急に涼しくなったせいか、今少し熱あるかもも。季節の変わり目は体調崩しやすいよね。,n,n,n,n,n,p,n,n
93ja,久しぶりに朝から激しい頭痛がするから学校に行くのだるい。,n,n,n,n,p,n,n,n
94ja,この時期、アイドルの握手会で、インフルエンザ対策とかどうしてるんだろうな。集団感染の温床だろ、あれ。,n,n,n,n,n,n,n,n
95ja,スペイン風邪だったら感染力が強いから大変だ。,n,n,n,n,n,n,n,n
96ja,鼻水も体液の一部なのか。,n,n,n,n,n,n,p,n
97ja,家に帰ると、娘が熱を出していたよ。リンパも腫れてるし。明日病院に行こう。,n,n,n,n,n,p,n,n
98ja,また腹が痛くなってきて下痢になった悪夢を思い出すよ。,n,p,n,n,n,n,n,n
99ja,花粉症なると微熱も出るし疲れるぜ,n,n,p,n,n,p,p,n
100ja,頭痛がすると一日苦痛だよ。,n,n,n,n,p,n,n,n
101ja,この季節、咳や痰には悩まされるよね。手洗い、うがいは大事だよ。,n,n,n,p,n,n,n,n
102ja,花粉症で頭がぼんやりして疲れる。,n,n,p,n,n,n,p,n
103ja,契約のことを考えると頭痛がしてくる。,n,n,n,n,n,n,n,n
104ja,風邪、高熱、痰で死にそうだよ。助けて,n,n,n,p,n,p,n,p
105ja,朝、頭痛がしてだるいのはやばい。,n,n,n,n,p,n,n,n
106ja,鼻づまりは風邪なのか鼻炎なのかわからない。,n,n,n,n,n,n,p,p
107ja,相手のブログを見たら風邪とか病気とかで大変そうだ・・・,n,n,n,n,n,n,n,n
108ja,遂に花粉症になったっぽい。,n,n,p,n,n,n,p,n
109ja,おたふく風邪って、感染力強い？,n,n,n,n,n,n,n,n
110ja,頭痛対策にコーヒーが効くらしい。,n,n,n,n,p,n,n,n
111ja,赤ちゃんと戯れてたら鼻水つけられた。,n,n,n,n,n,n,p,n
112ja,パソコンの使いすぎで頭痛が起きたから対策メガネを装着して見た。ましになるといいな,n,n,n,n,n,n,n,n
113ja,頭痛のときに大きな音を聞くのは苦痛でしかない。,n,n,n,n,p,n,n,n
114ja,寒気があり風邪だと確信したんだ。,n,n,n,n,n,n,n,p
115ja,インフル危機やばし！,p,n,n,n,n,p,n,n
116ja,痰に血が混じるのはやばいんだっけ？,n,n,n,p,n,n,n,n
117ja,咳のしすぎで腹筋が割れた。,n,n,n,p,n,n,n,n
118ja,鼻水がたえず垂れてきてやばいよ。,n,n,n,n,n,n,p,n
119ja,朝から頭痛が激しくて身体がだるい。,n,n,n,n,p,n,n,n
120ja,下痢で仕事休んじゃった。,n,p,n,n,n,n,n,n
121ja,巫女への熱は覚めることを知らない,n,n,n,n,n,n,n,n
122ja,今日学校だけど軽い頭痛がするからこのまま寝るー,n,n,n,n,p,n,n,n
123ja,集団で下痢とかヤバイでしょ,n,n,n,n,n,n,n,n
124ja,やばい下痢が止まらない。,n,p,n,n,n,n,n,n
125ja,下痢っぽい症状で起きたよ,n,p,n,n,n,n,n,n
126ja,鼻づまり解消には鼻洗浄が効くらしいけど、試す勇気がない。,n,n,n,n,n,n,p,n
127ja,女性の咳っていろんなパターンあるよね。,n,n,n,p,n,n,n,n
128ja,やっと兄がインフルエンザから回復！,n,n,n,n,n,n,n,n
129ja,朝起きた頭痛がひどい。会社休もうかな。,n,n,n,n,p,n,n,n
130ja,花粉症からのアトピー。なんか効果のあるものありますか？,n,n,p,n,n,n,p,n
131ja,犬は大好きなのに触るとすぐ鼻づまり。,n,n,n,n,n,n,p,n
132ja,頭痛の時って、お風呂入ってもいいのかな？,n,n,n,n,p,n,n,n
133ja,朝から頭痛が激しくやばい,n,n,n,n,p,n,n,n
134ja,花粉症に効果あるコスパいい薬ありませんか？,n,n,p,n,n,n,p,n
135ja,風邪で鼻づまりがやばい。,n,n,n,n,n,n,p,p
136ja,咳で腹筋つりそう、、,n,n,n,p,n,n,n,n
137ja,頭がぼーっとするし、だるい。風邪かなぁ。,n,n,n,n,n,n,n,p
138ja,中国に行くと万年花粉症のような症状が出る,n,n,n,n,n,n,n,n
139ja,リンパが腫れて高熱出た,n,n,n,n,n,p,n,n
140ja,ヘルメット装着してると頭痛になるんだよね。,n,n,n,n,n,n,n,n
141ja,風邪は病気に入らないらしい。大変だ。,n,n,n,n,n,n,n,p
142ja,痰がひどいので、薬を飲んだよ。,n,n,n,p,n,n,n,n
143ja,風邪治らなくてめっちゃだるい,n,n,n,n,n,n,n,p
144ja,薬飲んだら咳とまった！,n,n,n,p,n,n,n,n
145ja,ネパールのニュース見てたら旅行で行ったときひどい下痢になったことを思い出した。,n,n,n,n,n,n,n,n
146ja,鳥インフルエンザやばいよー。,n,n,n,n,n,n,n,n
147ja,スペイン風邪調べたけどやばいな,n,n,n,n,n,n,n,n
148ja,花粉症で鼻水とまんないとか久し振りだ。,n,n,p,n,n,n,p,n
149ja,風邪薬飲んでから眠い,n,n,n,n,n,n,n,p
150ja,やばい、頭痛がひどいから速攻寝る。,n,n,n,n,p,n,n,n
151ja,頭痛のときもお風呂に入っていいんだっけ？,n,n,n,n,p,n,n,n
152ja,やばい。鼻風邪、からの頭痛。薬飲んで学校休んでる。,n,n,n,n,p,n,p,p
153ja,鼻づまりが解消できてすごく嬉しい。,n,n,n,n,n,n,n,n
154ja,この季節は風っぴきも熱出す子も多いね,n,n,n,n,n,n,n,n
155ja,花粉症数年ぶりに再発だー。,n,n,p,n,n,n,p,n
156ja,手術控えてるのにインフルになった、どうしよう,p,n,n,n,n,p,n,n
157ja,熱あるけど休むわけにはいかない。最近仕事忙しいしな。,n,n,n,n,n,p,n,n
158ja,熱が出て、リンパがめっちゃ腫れてる・・・。,n,n,n,n,n,p,n,n
159ja,花粉症、今年は万全の対策する。,n,n,n,n,n,n,n,n
160ja,下痢って英語でなんていうかわからない。知りたくもない。,n,n,n,n,n,n,n,n
161ja,こんなに激しい頭痛は久し振りだしだるいしかなりやばい。,n,n,n,n,p,n,n,n
162ja,まさかの花粉症に、自分でも驚いてます。,n,n,p,n,n,n,p,n
163ja,花粉症、まさかの突然回復,n,n,n,n,n,n,n,n
164ja,花粉症は蜂もなるのかな,n,n,n,n,n,n,n,n
165ja,熱あるしリンパ腺めちゃ腫れてるけど、今日は休む訳にいかない、がんばれ俺,n,n,n,n,n,p,n,n
166ja,東京に帰って来たら鼻水止まらね〜,n,n,n,n,n,n,p,n
167ja,娘は熱があるので仕事を休む連絡をした。,n,n,n,n,n,p,n,n
168ja,咳をする時は手当てるのがエチケットだよ！,n,n,n,p,n,n,n,n
169ja,下痢で仕事に集中できない。,n,p,n,n,n,n,n,n
170ja,スペインの風邪はすごいらしいよー。,n,n,n,n,n,n,n,n
171ja,朝起きたら、マジ下痢でやばい。,n,p,n,n,n,n,n,n
172ja,また中国で鳥インフルだってさ,n,n,n,n,n,n,n,n
173ja,嫁さんが熱をだした。早く帰ろう。,n,n,n,n,n,p,n,n
174ja,早くも花粉症の症状に疲れる。,n,n,p,n,n,n,p,n
175ja,やばい、今日鼻水と頭痛が酷いから風邪かもしれない。,n,n,n,n,p,n,p,p
176ja,今一パフォーマンスが微妙になってしまっている。おれさまが風邪に参ってなんかいられない。,n,n,n,n,n,n,n,p
177ja,鼻風邪が治って犬と戯れることが出来たからホント嬉しい！写真撮ってブログにアップしたから読んでね！,n,n,n,n,n,n,n,n
178ja,感染して熱が出るケースは少なくないらしい。,n,n,n,n,n,n,n,n
179ja,風邪で寒気と頭痛がする、最悪だ,n,n,n,n,p,n,n,p
180ja,無理だ、鼻水が止まらん。,n,n,n,n,n,n,p,n
181ja,早くも花粉症になったのは私です。,n,n,p,n,n,n,p,n
182ja,痰に血が混じるのってヤバくない？,n,n,n,p,n,n,n,n
183ja,風邪っていう名前の病気は無いらしいね,n,n,n,n,n,n,n,n
184ja,ひどい咳は出て疲れる。痰が絡まってるし頭も痛い。,n,n,n,p,p,n,n,n
185ja,外出するときはインフルエンザの予防を兼ねてマスクをしています。,n,n,n,n,n,n,n,n
186ja,花粉症に早くも悩まされている。,n,n,p,n,n,n,p,n
187ja,熱が出てるけど、テレビで見たインフルエンザかもね。,n,n,n,n,n,p,n,n
188ja,風で花粉が飛んでるから、花粉症が再発したわ。,n,n,p,n,n,n,p,n
189ja,熱が出て仕事明日も休むかも。,n,n,n,n,n,p,n,n
190ja,咳も痰もひどいし、熱っぽいし、体調も微妙だ。,n,n,n,p,n,p,n,n
191ja,水疱瘡って感染しても熱が出ないケースもあるらしい。,n,n,n,n,n,n,n,n
192ja,一日中咳をしてたらすごく疲れた。,n,n,n,p,n,n,n,n
193ja,痰が混じるから医者にいってくる。,n,n,n,p,n,n,n,n
194ja,風邪で頭がぼーっとしてる。休めるなら休みたいがこの時期休めず最悪だ。,n,n,n,n,n,n,n,p
195ja,これは本格的に風邪ひいたな,n,n,n,n,n,n,n,p
196ja,内科行ってから熱っぽい。院内感染したかな？,n,n,n,n,n,p,n,n
197ja,中国でも同様に鳥インフルエンザが流行っているんだって。,n,n,n,n,n,n,n,n
198ja,インフルにかかる前にワクチン受けにいかないとな。,n,n,n,n,n,n,n,n
199ja,風邪でだるいし頭ぼーっとする。これで明日学校休めるわ。,n,n,n,n,n,n,n,p
200ja,頭痛対策誰か教えて！,n,n,n,n,p,n,n,n
201ja,最近急に東京涼しくなったからか、風邪ひいて熱。,n,n,n,n,n,p,n,p
202ja,大人になってからのおたふく風邪ってやばいらしいよ。,n,n,n,n,n,n,n,n
203ja,花粉症は時間が解決してくれるよね,n,n,p,n,n,n,p,n
204ja,ブログに咳についてのエチケット記事を書いた。,n,n,n,n,n,n,n,n
205ja,ようやく鼻づまり解消したぞ！,n,n,n,n,n,n,n,n
206ja,熱でリンパが腫れててつらいよ,n,n,n,n,n,p,n,n
207ja,家族全員、集団食中毒みたいで、みんな下痢です。,n,p,n,n,n,n,n,n
208ja,サッカー見てたら、マジ下痢ピーきた。,n,p,n,n,n,n,n,n
209ja,頭痛がきついときの対策がわからない。,n,n,n,n,p,n,n,n
210ja,来春を見通して花粉症対策のアイテムを買った。,n,n,n,n,n,n,n,n
211ja,微熱が続いてたけど、原因がまさか花粉症だとは思ってなかったよ。,n,n,p,n,n,p,p,n
212ja,昨日から熱が出て、のども腫れている。いくらでも眠れる。明日も仕事は休むことにする。,n,n,n,p,n,p,n,n
213ja,ブログに書くことが鼻水がひどいことくらいしかない。,n,n,n,n,n,n,p,n
214ja,薬のんだけど熱が下がらず咳も止まらない。早く治まってくれー,n,n,n,p,n,p,n,n
215ja,こんなに激しい頭痛は久しぶりだ。やばい。,n,n,n,n,p,n,n,n
216ja,まさか、花粉症が再発？やだな。,n,n,p,n,n,n,p,n
217ja,下痢って英語で何て言うのかな。,n,n,n,n,n,n,n,n
218ja,最近寒いし、具合が悪いことが続いてます。今日は下痢。,n,p,n,n,n,n,n,n
219ja,しらす丼を食べて下痢になったことを思い出すよ。,n,n,n,n,n,n,n,n
220ja,鼻風邪、やばい。早く薬のんで休む。,n,n,n,n,n,n,p,p
221ja,うちで働いてる女性が、高熱で休むとわざとらしい咳をしながら電話してきたんだけどブログで遊園地に行ってるって書いてて笑った。,n,n,n,n,n,n,n,n
222ja,風邪をひかないようにする薬とか開発しないかな,n,n,n,n,n,n,n,n
223ja,咳込み過ぎてブログが書けない・・・,n,n,n,p,n,n,n,n
224ja,そろそろ花粉症対策はじめなければ。,n,n,n,n,n,n,n,n
225ja,寒気もするしだるいし、完全に風邪ひいたよ。,n,n,n,n,n,n,n,p
226ja,こんな激しい頭痛は久し振りだ,n,n,n,n,p,n,n,n
227ja,東京で感染して熱がでた。,n,n,n,n,n,p,n,n
228ja,東京では自動車やエアコンから排出される熱が暑さを助長している。,n,n,n,n,n,n,n,n
229ja,ネパール料理を食べた後にしっかり手を洗わないと下痢になるらしいね。,n,n,n,n,n,n,n,n
230ja,風邪っぽいけど、仕事休めるかなー。今日休んだら明日以降辛いのは分かってるけど。。。,n,n,n,n,n,n,n,p
231ja,兄がインフルになったから家でもマスク生活しなきゃ。,p,n,n,n,n,p,n,n
232ja,鼻水がやばいったらない。薬飲めば止まるかな。,n,n,n,n,n,n,p,n
233ja,テレビのニュースで携帯が熱もってるとやばいって見た。,n,n,n,n,n,n,n,n
234ja,その咳、めっちゃわざとらしいぜ,n,n,n,p,n,n,n,n
235ja,娘が熱を出したのでお休みしてます,n,n,n,n,n,p,n,n
236ja,犬でも鼻風邪ってなるのかな。,n,n,n,n,n,n,n,n
237ja,スペイン風邪って病気が日本でも大流行したんだって。,n,n,n,n,n,n,n,n
238ja,最悪だ、明日出かけるのにここに来て風邪か？,n,n,n,n,n,n,n,p
239ja,来春は花粉症の人が増えるみたい。,n,n,n,n,n,n,n,n
240ja,３月になってから喉が痛む。花粉症で今まで喉は痛まなかったけど、これ絶対花粉症の症状だよな。,n,n,p,p,n,n,p,n
241ja,だるいし頭痛がひどいしで早めに帰宅中。,n,n,n,n,p,n,n,n
242ja,咳がひどい。手洗いうがいが大事だなあ。,n,n,n,p,n,n,n,n
243ja,熱が明日までに下がって仕事に行けるか危ない,n,n,n,n,n,p,n,n
244ja,きれいな女性でも痰が出るものである。,n,n,n,n,n,n,n,n
245ja,花粉症の人とアトピーの人ってどっちの患者が少ないのかな？,n,n,n,n,n,n,n,n
246ja,鼻づまり解消方法、だれか教えて。,n,n,n,n,n,n,p,n
247ja,頭痛がひどくて、薬が必要だ・・・。,n,n,n,n,p,n,n,n
248ja,頭痛がちょっとひどくなってきたのでおとなしく寝るよ,n,n,n,n,p,n,n,n
249ja,インフルエンザで死亡の話を聞くと危機感を覚えるな。,n,n,n,n,n,n,n,n
250ja,痰が出なくなってきたから治ったっぽいぞ！,n,n,n,p,n,n,n,n
251ja,風邪からなる病気もあるらしいから気を付けよう。,n,n,n,n,n,n,n,p
252ja,花粉症つらい。檜なんて絶滅すればいいのに・・・,n,n,p,n,n,n,p,n
253ja,朝から頭痛がするし、だるいから、早退して今帰宅した。,n,n,n,n,p,n,n,n
254ja,風邪ひどいぼーっとしてきた。,n,n,n,n,n,n,n,p
255ja,謎の発熱。他は元気なんだけどな〜。病院いっといたほうがいいのかな。,n,n,n,n,n,p,n,n
256ja,花粉症の薬処方してきた,n,n,p,n,n,n,p,n
257ja,こどもが小さいからインフルエンザのワクチンを打ちに行こう。,n,n,n,n,n,n,n,n
258ja,インフルエンザのワクチンを受けに行かなくちゃ。,n,n,n,n,n,n,n,n
259ja,東京の実家から送られてきた写真には愛犬の姿があった。鼻風邪をひいてすっきりしなかったけど、なんか元気をもらって嬉しかった。,n,n,n,n,n,n,p,p
260ja,花粉症には、トマトを食べる療法があるって本当かな。,n,n,n,n,n,n,n,n
261ja,季節外れのインフルエンザに感染していま高熱出てます。,p,n,n,n,n,p,n,n
262ja,激しい頭痛がする。こんなの久し振りだ。,n,n,n,n,p,n,n,n
263ja,のどの痛み、鼻水、熱、せき、でも仕事休めない。,n,n,n,p,n,p,p,n
264ja,科学の進歩で薬品は世の中にたくさんあるけど、風邪のウイルスは種類がたくさんあるから個々のウイルスの特効薬の研究や開発はあまり進んでいないんだって。,n,n,n,n,n,n,n,n
265ja,咳が治まるよう薬を飲んだよー、治ればいいな。,n,n,n,p,n,n,n,n
266ja,咳や痰に赤っぽいものが混じるのは本当にまずいと思うよ？,n,n,n,p,n,n,n,n
267ja,熱が出やすい季節になったな。,n,n,n,n,n,n,n,n
268ja,頭痛以外にも関節が痛いし、熱もあるし、とりあえず色々と苦痛。,n,n,n,n,p,p,n,n
269ja,高齢者が風邪にかかると重症化するときもあるから大変だよね。,n,n,n,n,n,n,n,n
270ja,痰抑える薬がまずくて小一時間格闘してる・・・,n,n,n,p,n,n,n,n
271ja,わざとらしく咳してたら頭まで痛くなってきた,n,n,n,p,p,n,n,n
272ja,このタイミングで風邪とか最悪だろ,n,n,n,n,n,n,n,p
273ja,宇宙について考えると頭痛がする,n,n,n,n,n,n,n,n
274ja,インフルのワクチンを打ちに行ったよ！,n,n,n,n,n,n,n,n
275ja,下痢が止まらなかったあの日を思い出す,n,n,n,n,n,n,n,n
276ja,この時期は鼻水に悩まされることがないから大好きだ。,n,n,n,n,n,n,n,n
277ja,鳥インフルエンザはずさんな管理でなるわけじゃないみたいだ。,n,n,n,n,n,n,n,n
278ja,風邪ひいて鼻づまりやばい,n,n,n,n,n,n,p,p
279ja,頭痛が治らないのは苦痛でしかない。原因が分からないから対策もできなくて辛い。,n,n,n,n,p,n,n,n
280ja,今日の朝から鼻水止まらん,n,n,n,n,n,n,p,n
281ja,犬と戯れると、鼻風邪になる。何でだ？,n,n,n,n,n,n,p,p
282ja,鼻づまりで頭痛までしてきた感じだ,n,n,n,n,p,n,p,n
283ja,インフルエンザだし、部活休むわ。,p,n,n,n,n,p,n,n
284ja,鼻風邪の薬飲んだらめっちゃ喉乾く。,n,n,n,n,n,n,p,p
285ja,本格的な風邪のせいで、いつもは完璧だと言われる仕事が今一だと言われる始末で最悪だよ。,n,n,n,n,n,n,n,p
286ja,風邪薬飲んだら眠くなってきた。,n,n,n,n,n,n,n,p
287ja,まさか妻が花粉症になるなんて！,n,n,p,n,n,n,p,n
288ja,鼻水がやばい。やばすぎる。,n,n,n,n,n,n,p,n
289ja,やばい、今日テストなのに下痢になった。,n,p,n,n,n,n,n,n
290ja,花粉症で微熱が続くのもあるようだ。,n,n,n,n,n,n,n,n
291ja,なんか熱ある気するけど気のせいだと思ってテレビ見てる,n,n,n,n,n,p,n,n
292ja,あの女性の咳、いくらなんでもわざとらしいよね。,n,n,n,p,n,n,n,n
293ja,鼻水出すぎ。どれだけ体液あるんだ。,n,n,n,n,n,n,p,n
294ja,英語で下痢だと伝えられず困った,n,n,n,n,n,n,n,n
295ja,中国で、鳥から新型のインフルエンザに感染して死んだ人が出てた筈だけれど、日本では検査キットとかちゃんとあるんだろうか？ニュースやってる割に管理の体制どうなってんのか全然わかんない。,n,n,n,n,n,n,n,n
296ja,鼻水止まる風邪薬はどれ？,n,n,n,n,n,n,p,p
297ja,頭も痛いし痰もひどい。完全に風邪だ。,n,n,n,p,p,n,n,p
298ja,高熱が出て咳とまらない。だれか家事やって。家政婦が必要だー。,n,n,n,p,n,p,n,n
299ja,リンパマッサージ行ったら熱出てきた,n,n,n,n,n,p,n,n
300ja,寒くて毎日下痢だー。,n,p,n,n,n,n,n,n
301ja,子供の頃の写真でてきたんだけど俺ほとんどの写真で鼻水たらしてる。どうなってんだ。,n,n,n,n,n,n,n,n
302ja,喉の痛みが治まったけど、痰がまだ続く,n,n,n,p,n,n,n,n
303ja,翻訳業務頼まれたけど全然わからない、頭痛してきた。,n,n,n,n,n,n,n,n
304ja,鼻風邪を引いてしまった。,n,n,n,n,n,n,p,p
305ja,契約して欲しいけど、相手に対して聴く以外に対策が無さすぎて頭痛がひどい。,n,n,n,n,n,n,n,n
306ja,ところで頭痛はまだきついですか、私さん？,n,n,n,n,p,n,n,n
307ja,部活のあと熱が出て慌てて病院行ったらインフルだった。つらい。,p,n,n,n,n,p,n,n
308ja,咳と同時に頭が痛い。,n,n,n,p,p,n,n,n
309ja,下痢って英語でなんて言うんだろ。,n,n,n,n,n,n,n,n
310ja,秋の花粉症のつらい。対策に時間が取られる,n,n,p,n,n,n,p,n
311ja,携帯の熱がハンパない！,n,n,n,n,n,n,n,n
312ja,お腹を壊したが食べるの大好きな私はまだ今日の弁当への愛と熱は冷める事を知らない。,n,p,n,n,n,n,n,n
313ja,鳥インフルエンザが中国で猛威を奮っている。,n,n,n,n,n,n,n,n
314ja,生姜湯を飲んでいれば咳が止まるっぽい。,n,n,n,n,n,n,n,n
315ja,まさか、自分が花粉症になるなんてびっくり。,n,n,p,n,n,n,p,n
316ja,来春のスギ花粉は量が多いらしい。花粉症なので先が思いやられる〜。,n,n,n,n,n,n,n,n
317ja,女性が痰の症状を抑える。,n,n,n,n,n,n,n,n
318ja,兄がインフルエンザなのでうつらないか不安だよ。,p,n,n,n,n,p,n,n
319ja,風邪っぽい。頭が痛いし、咳が止まらない。,n,n,n,p,p,n,n,p
320ja,久しぶりに東京に行って遊びすぎた。楽しかったけど鼻風邪ひいた。,n,n,n,n,n,n,p,p
321ja,そろそろ朝だし軽い頭痛もあるから風呂入って寝る。,n,n,n,n,p,n,n,n
322ja,まだ熱。もちろん、今日も休む！,n,n,n,n,n,p,n,n
323ja,薬飲んで、やっと鼻水がひいてきた。,n,n,n,n,n,n,p,n
324ja,秋にも花粉症の治療が必要だ。,n,n,n,n,n,n,n,n
325ja,ネパールにサッカー観戦に行った時に、集団で下痢になって大変だったよ。,n,n,n,n,n,n,n,n
326ja,下痢だと集中できないから仕事にならん。,n,p,n,n,n,n,n,n
327ja,これ誰の携帯？熱が熱すぎてやばそう。,n,n,n,n,n,n,n,n
328ja,花粉症に効果がある薬なんてあるのかねぇ,n,n,n,n,n,n,n,n
329ja,まさかこの年に花粉症になるなんて,n,n,p,n,n,n,p,n
330ja,来春こそ花粉症に効果がある療法を見つけたいよ。,n,n,n,n,n,n,n,n
331ja,頭痛対策、何かご存知でしたら教えて頂けないでしょうか。,n,n,n,n,p,n,n,n
332ja,今日の鼻水やばい止まる気配ない,n,n,n,n,n,n,p,n
333ja,風邪のときは科学的に寝れば良いと証明されている。,n,n,n,n,n,n,n,p
334ja,朝から頭痛もするし体だるいしまだ寝てた方がよかったかも。,n,n,n,n,p,n,n,n
335ja,頭痛対策の薬もらったけど全然効かない。,n,n,n,n,p,n,n,n
336ja,咳しすぎて腹筋痛い。,n,n,n,p,n,n,n,n
337ja,今年は花粉が少ないみたいだけど、重度の花粉症患者からすれば花粉量の多少の増減なんてたいして意味ないよね。,n,n,n,n,n,n,n,n
338ja,仕事をしようとパソコン前に向かうが、とんだ熱暴走で仕事にならない。,n,n,n,n,n,p,n,n
339ja,おたふく流行ってるけどただの風邪だといいなあ。,n,n,n,n,n,n,n,p
340ja,定期的に頭痛がするので常備薬が必要なんだよね,n,n,n,n,p,n,n,n
341ja,わざとらしい咳をしている女性がいる。,n,n,n,p,n,n,n,n
342ja,熱が下がらないから、今日行けるか微妙だ。,n,n,n,n,n,p,n,n
343ja,犬と戯れると鼻水が止まらなくなる。,n,n,n,n,n,n,p,n
344ja,最近寒いからお腹冷えたかな〜。昨日から下痢やばい。,n,p,n,n,n,n,n,n
345ja,昨晩からインフルエンザにかかったみたい。,p,n,n,n,n,p,n,n
346ja,最近お店の仕事が忙しくて疲れる毎日だ。疲れると花粉症の症状もひどくなる。そして遂に妻も花粉症が発症した。,n,n,p,n,n,n,p,n
347ja,本格的に風邪引いた、頭痛いしだるいし寒気するし最悪だよ・・・,n,n,n,n,p,n,n,p
348ja,咳止め飲んだけど全然治まりそうになくって、痰も混ざってきてる。,n,n,n,p,n,n,n,n
349ja,下痢って英語で何ていうんだっけ,n,n,n,n,n,n,n,n
350ja,来春の花粉症は軽いといいなぁ。,n,n,n,n,n,n,n,n
351ja,熱で仕事休むわけにいかないから解熱剤飲む。,n,n,n,n,n,p,n,n
352ja,携帯熱い、誰か助けて！,n,n,n,n,n,n,n,n
353ja,花粉症対策いろいろあるけどどれが一番効果あるのかな。,n,n,n,n,n,n,n,n
354ja,風邪の方はどうぞお休みください。,n,n,n,n,n,n,n,n
355ja,早く下痢直したいけど出さなきゃ毒素でねえしなあ,n,p,n,n,n,n,n,n
356ja,インフルエンザにかからないために自分を管理をしっかりするべし。,n,n,n,n,n,n,n,n
357ja,鼻風邪やばいから今日休む。,n,n,n,n,n,n,p,p
358ja,完治したと思ったらまさかの花粉症再発。久し振りに鼻水との戦いが始まる。,n,n,p,n,n,n,p,n
359ja,いつも読んでるブログの子が風邪らしくて大変だ。,n,n,n,n,n,n,n,n
360ja,兄が久々に帰ってきたらインフルかかってた。笑えない。,p,n,n,n,n,p,n,n
361ja,微熱もあるし花粉症もひどいし、もう疲れた。,n,n,p,n,n,p,p,n
362ja,昨晩からインフルで発熱してるよ、喉が乾く。,p,n,n,n,n,p,n,n
363ja,ヨーグルトが花粉症に効果あるっていう話、ほんとなのかな。,n,n,n,n,n,n,n,n
364ja,インフルにかかったら兄ちゃん来てくれた！,p,n,n,n,n,p,n,n
365ja,誰かこの熱から助けてくれ。,n,n,n,n,n,p,n,n
366ja,インフルエンザのワクチンを打ってきました。,n,n,n,n,n,n,n,n
367ja,リンパ腫れてるし、熱もあるし完璧風邪ひいた。,n,n,n,n,n,p,n,p
368ja,鼻風邪で頭もやばくなってきた。今日は休む予定だったんだが、なんか惰性で出社してしまった。,n,n,n,n,p,n,p,p
369ja,下痢だけど仕事には行かないといけない。,n,p,n,n,n,n,n,n
370ja,咳ぐらいで済んでるうちに対処するのが大事だよね,n,n,n,p,n,n,n,n
371ja,ひどい頭痛には対策が必要だ。,n,n,n,n,p,n,n,n
372ja,風邪ひいたー。薬飲んだら頭ぼーっとする。,n,n,n,n,n,n,n,p
373ja,咳で胸ヒューヒュー言ってるわ,n,n,n,p,n,n,n,n
374ja,熱があるが仕事は休めない。,n,n,n,n,n,p,n,n
375ja,ヘルメットをずっと装着していたら頭痛がしてきた。,n,n,n,n,n,n,n,n
376ja,食中毒のときは下痢が一番つらい。,n,n,n,n,n,n,n,n
377ja,くしゃみだけじゃなく寒気もしてきたから風邪かも。,n,n,n,n,n,n,n,p
378ja,なんかがんばったら鼻づまり止んだ。,n,n,n,n,n,n,n,n
379ja,今日は薬のおかげで、なんか鼻づまりも止まる気配がする。,n,n,n,n,n,n,p,n
380ja,風邪で頭がぼーっとしてきた。,n,n,n,n,n,n,n,p
381ja,本格的に風邪引いたかも知れない,n,n,n,n,n,n,n,p
382ja,軽く鼻風邪ひいてるけど東京行きは決行！,n,n,n,n,n,n,p,p
383ja,熱は引いたけど鼻水だらだら・・・今日は家でゆっくり休もう,n,n,n,n,n,n,p,n
384ja,まさかこの歳で花粉症発症するとは。,n,n,p,n,n,n,p,n
385ja,今年の風邪は熱が上がるってニュースで言ってた。気をつけよ。,n,n,n,n,n,n,n,n
386ja,最近お腹が痛いことが多くて、下痢にもよくなるようになった。ちょっとやばいかもしれない。,n,p,n,n,n,n,n,n
387ja,下痢止まらなくて笑う,n,p,n,n,n,n,n,n
388ja,娘の熱と鼻水がひどい,n,n,n,n,n,p,p,n
389ja,アトピーだと花粉症も重症になるのかも。,n,n,n,n,n,n,n,n
390ja,花粉症対策に薬を飲もう。,n,n,p,n,n,n,p,n
391ja,妻が花粉症で毎年春は大変だなあと思って見ています。,n,n,p,n,n,n,p,n
392ja,インフルエンザにかかってしまったので外出すらできない。,p,n,n,n,n,p,n,n
393ja,あの人さ、痰が絡んだときわざとらしく咳払いするの本当にやめてほしいんだけど,n,n,n,p,n,n,n,n
394ja,こんな季節に熱が出た、だるい。,n,n,n,n,n,p,n,n
395ja,頭痛でだるいからもうやだよー。,n,n,n,n,p,n,n,n
396ja,この微熱も花粉症由来かなあ,n,n,p,n,n,p,p,n
397ja,痰がからんでひど過ぎるプレゼンしたから、単位微妙だ。,n,n,n,p,n,n,n,n
398ja,鼻水が今日やばいので休むかもしれません。,n,n,n,n,n,n,p,n
399ja,インフルエンザのかかりやすさって性によってちがうのかな。うちでは女性陣だけ罹患した。,p,n,n,n,n,p,n,n
400ja,インフルエンザのワクチンを打ってきた。,n,n,n,n,n,n,n,n
401ja,風邪なのか何なのか、今日の頭痛はやばい,n,n,n,n,p,n,n,p
402ja,頭痛に効く特効薬が必要だわ。,n,n,n,n,p,n,n,n
403ja,ゆとりは口を抑えて咳も出来ないのかよ。,n,n,n,p,n,n,n,n
404ja,やばい！超下痢なんだけど！,n,p,n,n,n,n,n,n
405ja,わざとらしい咳をしているやつ嫌い。,n,n,n,p,n,n,n,n
406ja,春だけじゃなく秋にも花粉症があるらしい。,n,n,n,n,n,n,n,n
407ja,インフルエンザの検査、行ってこようかな。,n,n,n,n,n,n,n,n
408ja,今日起きると下痢になっていた。やばい。,n,p,n,n,n,n,n,n
409ja,やばり、お腹が痛くて下痢かも。,n,p,n,n,n,n,n,n
410ja,頭痛で、帰るのもだるいくらい。やだな。こんなの久し振りだ。,n,n,n,n,p,n,n,n
411ja,咳いっぱいすると疲れるなー,n,n,n,p,n,n,n,n
412ja,咳で寝不足で疲れる。,n,n,n,p,n,n,n,n
413ja,ところで頭痛はおさまったの？,n,n,n,n,p,n,n,n
414ja,せっかくのスペインなのに風邪ひいた・・・。,n,n,n,n,n,n,n,p
415ja,契約を取れないと頭痛が・・・,n,n,n,n,n,n,n,n
416ja,鼻水出るし、お腹くだるし、仕事無理して行ったら熱まで出てきた。,n,p,n,n,n,p,p,n
417ja,友達で一生懸命巫女のバイトしたら熱出した子いるんだけど、何か素質あるかもしれない,n,n,n,n,n,n,n,n
418ja,寒いし下痢だし仕事がはかどらないでござる。,n,p,n,n,n,n,n,n
419ja,花粉症が再発してつらいよ,n,n,p,n,n,n,p,n
420ja,鼻づまりがひどいから今日は練習は無理だ。,n,n,n,n,n,n,p,n
421ja,朝から軽い頭痛。ソロソロ帰って風呂入って寝たいけどまだ頑張ってみる。,n,n,n,n,p,n,n,n
422ja,宇宙の話を聞いていたら難しくて、頭痛がしてきた。,n,n,n,n,n,n,n,n
423ja,下痢でお腹の調子が悪い。,n,p,n,n,n,n,n,n
424ja,咳がひどいから、薬を飲んだ。頭痛いなあ。,n,n,n,p,p,n,n,n
425ja,祖母が下痢気味のようで何度もトイレにかけこんでいて爆笑してしまった。ごめん。笑,n,p,n,n,n,n,n,n
426ja,咳が酷いからすごく疲れる。,n,n,n,p,n,n,n,n
427ja,なんか風邪引いたかも。頭痛いし鼻水止まらない。,n,n,n,n,p,n,p,p
428ja,季節の変わり目は風邪を引きやすいとは言うけど、自分も漏れなく体調を崩す。絶対熱があるよなこれ。,n,n,n,n,n,p,n,n
429ja,来春こそ花粉症にかかるまいと毎日ヨーグルトたべてるけど、どうかなぁ？,n,n,n,n,n,n,n,n
430ja,沢山の人がインフルになっている。部活の先生もかかったみたい。,p,n,n,n,n,p,n,n
431ja,東京で熱風邪が流行っているらしい。,n,n,n,n,n,n,n,n
432ja,人前では咳のエチケットを守ろう,n,n,n,p,n,n,n,n
433ja,外出先で握手をした人がインフルエンザにかかってたらしいんだけど、どうしよう。,p,n,n,n,n,p,n,n
434ja,今日下痢で何度もトイレ行ったよ,n,p,n,n,n,n,n,n
435ja,季節の変わり目で風邪ひいて熱出たー。,n,n,n,n,n,p,n,p
436ja,舞台で使うウィッグを被るためにネットを装着したら、想像以上にきつい。頭痛がする。,n,n,n,n,n,n,n,n
437ja,娘が風邪を引いて、熱を出したから学校を休んだようだ。リンパも腫れていて、嫁が休む暇もなくつきっきりで看病している。,n,n,n,n,n,p,n,p
438ja,インフルエンザだよ、いやな季節だね,n,n,n,n,n,n,n,n
439ja,大変だ！風邪をひいてしまった！,n,n,n,n,n,n,n,p
440ja,高熱が出て咳が止まらない,n,n,n,p,n,p,n,n
441ja,花粉が少なくて花粉症が楽だわー,n,n,p,n,n,n,p,n
442ja,下痢になったから薬使うか・・・,n,p,n,n,n,n,n,n
443ja,この季節、熱出やすいのよね,n,n,n,n,n,p,n,n
444ja,毒でも入っていたのか。下痢と嘔吐がとまりません。,n,p,n,n,n,n,n,n
445ja,朝から下痢ってしんどすぎる。,n,p,n,n,n,n,n,n
446ja,起きたらお腹痛くてやばいなって思ってたら、下痢だった。,n,p,n,n,n,n,n,n
447ja,妻の花粉症をどうにかしてあげたいな、、,n,n,p,n,n,n,p,n
448ja,おたふく風邪にかかったっぽい,n,n,n,n,n,n,n,n
449ja,中国でインフルが流行ってるみたい。,n,n,n,n,n,n,n,n
450ja,毎年インフルの予防ワクチンの接種受ける気がしない,n,n,n,n,n,n,n,n
451ja,熱でリンパが腫れる。,n,n,n,n,n,p,n,n
452ja,ぼーっとするなーっと思ってたら、どうやら風邪っぽい。言われてみればだるいし本格的に参ってくる前に休もう。,n,n,n,n,n,n,n,p
453ja,同僚め。わざとらしく咳しやがって。,n,n,n,p,n,n,n,n
454ja,頭痛の苦痛で休みが楽しめない。,n,n,n,n,p,n,n,n
455ja,兄に風邪をうつされたと思ったら、インフルだった。最悪だ。,p,n,n,n,n,p,n,n
456ja,宇宙科学の翻訳してたから頭痛するわ。,n,n,n,n,n,n,n,n
457ja,明日テストだし頭痛だしやばい。,n,n,n,n,p,n,n,n
458ja,インフルが流行ってるみたいだから外出から戻ってきたらうがい手洗い忘れずに！,n,n,n,n,n,n,n,n
459ja,下手な奴の歌聴くと耳が曲がるわ。きつくて頭痛がするっつーの。,n,n,n,n,n,n,n,n
460ja,兄ちゃん、インフルになっちゃったみたい,n,n,n,n,n,n,n,n
461ja,犬の鼻水の写真をブログに載せていた。,n,n,n,n,n,n,n,n
462ja,兄がインフルになった。,p,n,n,n,n,p,n,n
463ja,鼻水が止まるとき休みが終わる,n,n,n,n,n,n,p,n
464ja,ちょっと君、すごく風邪ですって顔してるよ、って相手をいたわりたい気持ちだ。,n,n,n,n,n,n,n,p
465ja,兄がインフルかかった、気をつけなきゃー。,p,n,n,n,n,p,n,n
466ja,患者は総じて花粉症も併発しているようだ。,n,n,n,n,n,n,n,n
467ja,電車の中でマスクをしないでわざとらしい咳をする人って最悪。エチケットって大事だよ。,n,n,n,p,n,n,n,n
468ja,頭痛ひどいしソロソロ帰ろうかな。,n,n,n,n,p,n,n,n
469ja,下痢なんで、今日は早く起きる。,n,p,n,n,n,n,n,n
470ja,わざとらしい咳ってイライラする。,n,n,n,p,n,n,n,n
471ja,インフルエンザのせいで昨晩大分苦しかった、今日は回復したけどね。,p,n,n,n,n,p,n,n
472ja,鳥インフルエンザ流行ってるよね。怖い。,n,n,n,n,n,n,n,n
473ja,契約の話聞いたら頭痛が止まらない,n,n,n,n,n,n,n,n
474ja,こんなひどい頭痛は久し振りだー。,n,n,n,n,p,n,n,n
475ja,インフルになってから背中が痛いよ。,p,n,n,n,n,p,n,n
476ja,まさか自分が花粉症にかかるとは思わなかった,n,n,p,n,n,n,p,n
477ja,鼻水垂らしている赤ちゃんの写真は可愛い。,n,n,n,n,n,n,n,n
478ja,朝起きると下痢がひどくて会社休んだ。,n,p,n,n,n,n,n,n
479ja,頭痛対策には何がいいんだろう。,n,n,n,n,p,n,n,n
480ja,熱が高いから何かに感染したかなぁ,n,n,n,n,n,p,n,n
481ja,どんなに科学が発達しても風邪や病気はなくならないだろう。,n,n,n,n,n,n,n,n
482ja,インフルエンザの季節か。ワクチン打たねば。,n,n,n,n,n,n,n,n
483ja,インフルなんで外出禁止。,p,n,n,n,n,p,n,n
484ja,咳をしすぎて腹筋が筋肉痛。疲れるし膿状の痰は出るし最悪すぎる。,n,n,n,p,n,n,n,n
485ja,お腹が痛いと思ったら下痢だった。,n,p,n,n,n,n,n,n
486ja,花粉症対策しなければ！,n,n,p,n,n,n,p,n
487ja,ずーっときついヘッドホン装着させられてて、ひどい頭痛だよ。,n,n,n,n,n,n,n,n
488ja,仕事中に下痢になっちゃって、ちょっと、もう、早退したいで御座る。,n,p,n,n,n,n,n,n
489ja,今年は早くも花粉症の症状が出始める。,n,n,p,n,n,n,p,n
490ja,咳するだけでも疲れる体力のなさ,n,n,n,p,n,n,n,n
491ja,熱出て、リンパ腫れる状態だけど、眠れるよ。,n,n,n,n,n,p,n,n
492ja,頭痛に悩まされて途中で帰宅した。,n,n,n,n,p,n,n,n
493ja,秋にも花粉症ってあるんだ。,n,n,n,n,n,n,n,n
494ja,スペイン風邪って何？,n,n,n,n,n,n,n,n
495ja,花粉症が治ったと思っていたが再発した。,n,n,p,n,n,n,p,n
496ja,告白しようと決めた日に、大好きだと叫びたい気持ち満点のこの時にまさかの鼻風邪とは。,n,n,n,n,n,n,p,p
497ja,咳がひどいと腹筋が痛くなるし疲れる。,n,n,n,p,n,n,n,n
498ja,鼻水が止まらずやばいわ,n,n,n,n,n,n,p,n
499ja,咳がでると腹筋マジ痛いし。,n,n,n,p,n,n,n,n
500ja,まさか私も花粉症になっちゃった！？,n,n,p,n,n,n,p,n
501ja,花粉症再発で最悪、疲れがどっと来てます。,n,n,p,n,n,n,p,n
502ja,鼻風邪を引いたとかで久し振りに東京の娘から着信があったのが嬉しい。,n,n,n,n,n,n,n,n
503ja,この翻訳の量はきつすぎて頭痛の種だ。,n,n,n,n,n,n,n,n
504ja,スペイン風邪の恐ろしさを知らない。,n,n,n,n,n,n,n,n
505ja,おたふく風邪なら大変だ。,n,n,n,n,n,n,n,n
506ja,頭痛できついから仕事早退する,n,n,n,n,p,n,n,n
507ja,君の風邪には、昆布茶をどうぞ！,n,n,n,n,n,n,n,p
508ja,最近お腹が弱くて下痢気味なんだよね・・・,n,p,n,n,n,n,n,n
509ja,頭痛ひどすぎて帰りたい,n,n,n,n,p,n,n,n
510ja,鼻水が止まるかもと思ったのだ。,n,n,n,n,n,n,p,n
511ja,外出先から帰ったらインフル予防のため手洗いは欠かさなかったので今年はインフルエンザに感染することなく過ごせた。,n,n,n,n,n,n,n,n
512ja,今年は早くも花粉症なんだが。どうした俺,n,n,p,n,n,n,p,n
513ja,今日も寒いな、こんな日はよく下痢になるんだよな,n,n,n,n,n,n,n,n
514ja,鼻水、鼻づまりがやばい。薬を飲んでるのに鼻風邪には効かないらしく今日は休むことにした。,n,n,n,n,n,n,p,p
515ja,お腹が痛くて起きたら、下痢になっていた・・・。,n,p,n,n,n,n,n,n
516ja,檜の花粉症なめるなよ！,n,n,n,n,n,n,n,n
517ja,仕事する相手が風邪だと大変だ。,n,n,n,n,n,n,n,n
518ja,水みたいな鼻水が出る。まるで花粉症。,n,n,p,n,n,n,p,n
519ja,今月中に契約を取らなきゃいけない。ほんと頭痛の種だ。,n,n,n,n,n,n,n,n
520ja,頭痛がひどいとき、宇宙と交信できる気がする。,n,n,n,n,p,n,n,n
521ja,起きると、ちょっと下痢,n,p,n,n,n,n,n,n
522ja,部活のほとんどの生徒がインフルエンザにかかった。,p,n,n,n,n,p,n,n
523ja,咳を手でおさえるくらいのエチケットもないのかよ,n,n,n,p,n,n,n,n
524ja,保育園での集団生活。今は下痢が流行中。,n,p,n,n,n,n,n,n
525ja,また今年も鳥インフルエンザの季節がやってきたなぁ。,n,n,n,n,n,n,n,n
526ja,熱が出るのは生きてる証拠って誰か言ってた。,n,n,n,n,n,n,n,n
527ja,隣の人がわざとらしい咳して降りてったんだけど、何だったんだろ？,n,n,n,p,n,n,n,n
528ja,咳がひどいので薬を飲む。,n,n,n,p,n,n,n,n
529ja,下痢のせいで仕事に集中できない。,n,p,n,n,n,n,n,n
530ja,咳が治まったら行くわ,n,n,n,p,n,n,n,n
531ja,涼しい季節になったが俺のアイドル熱は真夏のファンタジー。,n,n,n,n,n,n,n,n
532ja,朝起きても頭痛が治って無くてやばい。医師の診断を受けるべきだと思う？,n,n,n,n,p,n,n,n
533ja,頭痛やばいんだけど風呂入んないほうがいいやつ？,n,n,n,n,p,n,n,n
534ja,インフルのワクチンって打たなきゃダメなの？,n,n,n,n,n,n,n,n
535ja,朝から激しい頭痛で起きられない,n,n,n,n,p,n,n,n
536ja,頭痛がきつくて行けないとは相手に言いにくい・・・,n,n,n,n,p,n,n,n
537ja,なんかお腹痛いなと思ったら完全に下痢でした。,n,p,n,n,n,n,n,n
538ja,リンパが腫れ上がって熱が出た。,n,n,n,n,n,p,n,n
539ja,鼻づまり解消には我が家の犬と戯れるといいよ。,n,n,n,n,n,n,p,n
540ja,頭痛は、とにかくきついんで勘弁してください。,n,n,n,n,p,n,n,n
541ja,兄がインフルエンザにかかった！みんなも気を付けて！,p,n,n,n,n,p,n,n
542ja,危機！鳥インフルこわい。,n,n,n,n,n,n,n,n
543ja,携帯見てたんだけど、東京の神社では巫女さんのアルバイトを募集してるね。去年より少ないけど。熱が出ると応募できないから養生しなきゃね。,n,n,n,n,n,n,n,n
544ja,仕事のストレスのおかげで何時も下痢で御座る。,n,p,n,n,n,n,n,n
545ja,鳥インフルエンザ、マジ危機だ。,n,n,n,n,n,n,n,n
546ja,サッカーの決勝戦前に下痢になったとか笑うしかない,n,p,n,n,n,n,n,n
547ja,まさか自分が花粉症になるなんて・・・！,n,n,p,n,n,n,p,n
548ja,鳥インフルエンザ怖いわ。,n,n,n,n,n,n,n,n
549ja,スペイン風邪ってなんだっけ？,n,n,n,n,n,n,n,n
550ja,ところで花粉症の画期的な対策ってないの？毎年つらすぎるよ。,n,n,p,n,n,n,p,n
551ja,鼻風邪で自分の体液が浪費されていく,n,n,n,n,n,n,p,p
552ja,先週兄がインフルエンザにかかったが、今は元気に回復している。,n,n,n,n,n,n,n,n
553ja,咳でコンサート行けるかどうか微妙。早く治まってほしい。,n,n,n,p,n,n,n,n
554ja,来春の飛散量はすごいので、花粉症の俺には大変だ。,n,n,n,n,n,n,n,n
555ja,おたふく風邪によく効く薬を開発したとかいつ科学者がスペインから来日するらしくて、相手するようにって言われて準備が大変だ。,n,n,n,n,n,n,n,n
556ja,ところであの音楽聴いてると苦痛。頭痛がしてくるわ。,n,n,n,n,n,n,n,n
557ja,咳がでるときはマスクをするのがエチケットだよね。,n,n,n,p,n,n,n,n
558ja,ゆとりのやつって、すぐ咳してごまかすよね。,n,n,n,p,n,n,n,n
559ja,この鼻水を拭くシーンにいつみても吹く,n,n,n,n,n,n,n,n
560ja,鼻づまりになったのが治ったと思ったら、なんか今度は鼻水が出るようになった,n,n,n,n,n,n,p,n
561ja,今日で一週間、まだ熱が下がらないんだけど。,n,n,n,n,n,p,n,n
562ja,わざとらしい咳がうるさい,n,n,n,p,n,n,n,n
563ja,下痢で小学生の頃を思い出す,n,p,n,n,n,n,n,n
564ja,さっき帰ってから頭痛が。風呂に入るのもだるい。,n,n,n,n,p,n,n,n
565ja,頭痛に鼻水、これって風邪？,n,n,n,n,p,n,p,p
566ja,お腹がちょっと痛いなと思っていたら、下痢した。,n,p,n,n,n,n,n,n
567ja,軽い頭痛がする。風邪かもしれないから今日はもう寝る。,n,n,n,n,p,n,n,p
568ja,熱出てるって言って保健室で携帯見てる,n,n,n,n,n,p,n,n
569ja,おならをしようと力を入れたら下痢を漏らして爆笑された。,n,p,n,n,n,n,n,n
570ja,多少熱があっても仕事は休めないしな,n,n,n,n,n,p,n,n
571ja,花粉症対策にはヨーグルトがいいみたいだよー。,n,n,n,n,n,n,n,n
572ja,兄がインフルエンザを発症してしまったのだが,p,n,n,n,n,p,n,n
573ja,熱が出た。何かに感染したのか。,n,n,n,n,n,p,n,n
574ja,犬が大好きなんだけど、アレルギーで鼻水出ちゃうのよね。犬預かるの、嬉しいけど無理だー。,n,n,n,n,n,n,p,n
575ja,遂に花粉症になってしまった。,n,n,p,n,n,n,p,n
576ja,頭痛は久しぶりだ。さっさと帰る。,n,n,n,n,p,n,n,n
577ja,娘が熱をだしたので仕事を休むことにした。,n,n,n,n,n,p,n,n
578ja,部活で、インフル流行ってるから気をつけようなって言った翌日にインフル発症して爆笑だった。,n,n,n,n,n,n,n,n
579ja,人生初のインフルエンザ、ようやく回復してきた！,p,n,n,n,n,p,n,n
580ja,来春花粉症ひどいそうだが毎年言ってるよね,n,n,n,n,n,n,n,n
581ja,今日は朝から頭痛くて、もうさっさと風呂入って寝ようと思ってたのに電車遅れてまだ帰宅できてなーい。,n,n,n,n,p,n,n,n
582ja,鼻水と熱が。お腹も痛いし首のリンパも腫れている。,n,p,n,n,n,p,p,n
583ja,昨晩兄が高熱を出した。来週は部活の大事な大会があるからインフルじゃないことを祈る。,n,n,n,n,n,p,n,n
584ja,鼻水止まらなくて、そのうち頭から脳みそ流出するんじゃないかな。,n,n,n,n,n,n,p,n
585ja,また世間で鳥インフル流行ってるらしい。,n,n,n,n,n,n,n,n
586ja,兄と同じ部活が一緒の人が昨晩からインフルになってしまったらしい。,p,n,n,n,n,p,n,n
587ja,朝起きるとやばいくらい頭痛がした。,n,n,n,n,p,n,n,n
588ja,インフルエンザワクチンは毎年予想株で作られる。,n,n,n,n,n,n,n,n
589ja,風邪っぽいんだけどライブ行くのどうしよう。,n,n,n,n,n,n,n,p
590ja,鼻風邪かな。今日は帰って早く休むに限る。,n,n,n,n,n,n,p,p
591ja,激しい頭痛のため早退して帰るわ。,n,n,n,n,p,n,n,n
592ja,風邪でだるいけど仕事を休めるか微妙だ。,n,n,n,n,n,n,n,p
593ja,２週間くらい咳が止まらない。なにこれ死ぬの？,n,n,n,p,n,n,n,n
594ja,急ぎの翻訳の仕事が舞い込み、土日もつぶれてしまうのが頭痛の種だ。,n,n,n,n,n,n,n,n
595ja,寒気がするなあと思ったら案の定風邪でした。,n,n,n,n,n,n,n,p
596ja,本格的に風邪っぽい、体もだるいし頭もぼーっとするし、寒気もするし、今日レポート提出なのに最悪すぎる。,n,n,n,n,n,n,n,p
597ja,頭痛以外の苦痛を取り除くには音楽を聴くのがいい。,n,n,n,n,p,n,n,n
598ja,鼻水が出すぎて、身体中の体液を放出してんじゃないかと錯覚しちゃう。,n,n,n,n,n,n,p,n
599ja,集団で下痢になってしまうのが社会問題になっているらしい。,n,n,n,n,n,n,n,n
600ja,最近何時も起きるとお腹が痛くて、トイレに行くと下痢なんだ。,n,p,n,n,n,n,n,n
601ja,携帯が熱もってめっちゃ熱い,n,n,n,n,n,n,n,n
602ja,咳止め薬の副作用で頭が痛い。,n,n,n,p,p,n,n,n
603ja,熱に鼻水に頭痛に誰か助けてー,n,n,n,n,p,p,p,n
604ja,咳をしすぎて腹筋が痛い。,n,n,n,p,n,n,n,n
605ja,空港から搬送された例の患者、デング熱に感染してたらしいよ。今朝、東京に帰って来たんだって。厚労省が発表してたの、テレビのニュースで見た！,n,n,n,n,n,n,n,n
606ja,咳と高熱で辛いと言ってくるけど、正直わざとらしい,n,n,n,p,n,p,n,n
607ja,そろそろ起きる時間だ。寒いから布団から出たくないし下痢とか最悪。,n,p,n,n,n,n,n,n
608ja,アトピー患者って花粉症になりやすいの？,n,n,n,n,n,n,n,n
609ja,咳き込んだときのエチケットがちゃんとできてない人って多いよね。,n,n,n,p,n,n,n,n
610ja,寒気がしてきたから、風邪かも。,n,n,n,n,n,n,n,p
611ja,下痢でお腹壊したと学校に言おうかな。,n,p,n,n,n,n,n,n
612ja,下痢って、英語でなんて言う？,n,n,n,n,n,n,n,n
613ja,ブログでも言ったけど、鼻水やばい。,n,n,n,n,n,n,p,n
614ja,頭痛対策として宇宙に関する翻訳本を読むのがいいらしい。,n,n,n,n,p,n,n,n
615ja,ツイッターだけでなくブログでも鼻水・鼻づまり情報発信中。,n,n,n,n,n,n,p,n
616ja,風邪の症状として、だるい、寒気がするとかあるけど、それインフルもじゃね。,n,n,n,n,n,n,n,p
617ja,頭痛がするのは宇宙からの電波を受信している証拠だよ。,n,n,n,n,p,n,n,n
618ja,熱下がらんのだけど休むべきだろうか。,n,n,n,n,n,p,n,n
619ja,まさか自分が花粉症になるとは。,n,n,p,n,n,n,p,n
620ja,昔、ひどい下痢になった事を思い出した,n,n,n,n,n,n,n,n
621ja,誰でも熱はつらいものです。,n,n,n,n,n,p,n,n
622ja,娘の熱が下がりません。,n,n,n,n,n,p,n,n
623ja,頭痛には対策が必要だ！,n,n,n,n,p,n,n,n
624ja,鳥インフルエンザ怖い、ちゃんと検査してほしい,n,n,n,n,n,n,n,n
625ja,寒いからか朝からずっとお腹が痛い。下痢かもしれないけど今日立ち仕事だ。,n,p,n,n,n,n,n,n
626ja,やっぱ不衛生な安い牛丼屋行くとすぐ下痢になる。,n,p,n,n,n,n,n,n
627ja,なんで熱が出たのか謎なんだけど・・・。,n,n,n,n,n,p,n,n
628ja,インフルエンザの季節がやって来ました。,n,n,n,n,n,n,n,n
629ja,薄着だから熱出すんだよと、センパイに着るようにと上着を渡された。優しいな。,n,n,n,n,n,p,n,n
630ja,今年は花粉少ないから花粉症の人は幸せ,n,n,n,n,n,n,n,n
631ja,テレビで今年のインフルは熱があまり出ないって言ってるけど本当？,n,n,n,n,n,n,n,n
632ja,英語っぽい発音で下痢って言ったら、友達が爆笑した。,n,n,n,n,n,n,n,n
633ja,くしゃみした瞬間、花粉症かと間違えるところだった。,n,n,n,n,n,n,p,n
634ja,なんか今日は風邪引いたのか、鼻づまりがすごい。,n,n,n,n,n,n,p,p
635ja,頭痛、鼻水、咳とか風邪オールスターかよ,n,n,n,p,p,n,p,p
636ja,インフルエンザのせいか、喉が渇く,p,n,n,n,n,p,n,n
637ja,咳のひどすぎて腹筋が鍛えられそう。頭は微妙,n,n,n,p,p,n,n,n
638ja,やっと鼻水止まって嬉しい。,n,n,n,n,n,n,n,n
639ja,まだ熱がある。困った。,n,n,n,n,n,p,n,n
640ja,鼻づまりが止まるまで寝苦しいよ。,n,n,n,n,n,n,p,n
641ja,今日も下痢ぎみでお腹が痛い。,n,p,n,n,n,n,n,n
642ja,おたふく風邪だってさ。ひょっとこもあるの？,n,n,n,n,n,n,n,n
643ja,咳のしすぎで腹筋が筋肉痛・・・,n,n,n,p,n,n,n,n
644ja,下痢で、やばい、お腹痛い,n,p,n,n,n,n,n,n
645ja,最近お腹の調子が悪くて下痢気味なんだよねー。,n,p,n,n,n,n,n,n
646ja,下痢って英語でなんて言うんだろう,n,n,n,n,n,n,n,n
647ja,頭痛が三日ぐらい続いてるのでそろそろ医師に診てもらったほうがいいかもしれない。,n,n,n,n,p,n,n,n
648ja,これはまさか・・・花粉症というやつでは・・・,n,n,p,n,n,n,p,n
649ja,兄がインフルエンザの症状から回復した矢先に今度は私がインフルに感染してしまった。,p,n,n,n,n,p,n,n
650ja,え、鳥インフルエンザまじ怖い,n,n,n,n,n,n,n,n
651ja,昨日食った丼にあたったぽいわ。下痢〜,n,p,n,n,n,n,n,n
652ja,中国で鳥インフルエンザが大流行してるらしい！,n,n,n,n,n,n,n,n
653ja,今日は風が強くて、目が充血して痛むようになった。まさかの微熱も出てきた。こんなにひどい花粉症の症状は久し振りだ。,n,n,p,n,n,p,p,n
654ja,インフルエンザのときは外出をひかえなくちゃね。,n,n,n,n,n,n,n,n
655ja,携帯電話のバッテリーがすごい熱持ってるんだけどやばくない？,n,n,n,n,n,n,n,n
656ja,咳っぽいし頭痛いし、まじ最悪なんだけど。,n,n,n,p,p,n,n,n
657ja,東京で感染が広がってるってニュースがやってたけど、とうとう僕も熱が出ちゃった。,n,n,n,n,n,p,n,n
658ja,こんなにひどい頭痛は、久し振りだ・・・。,n,n,n,n,p,n,n,n
659ja,やばい。いま仕事中なのに下痢で漏れそう。,n,p,n,n,n,n,n,n
660ja,花粉症で微熱がでた。怖いわ,n,n,p,n,n,p,p,n
661ja,お医者さんで、花粉症に効果のある薬を処方していただきました。,n,n,p,n,n,n,p,n
662ja,痰飲むの汚すぎでしょ。,n,n,n,p,n,n,n,n
663ja,犬と戯れると鼻水が出るから無理だ。アレルギーかな？,n,n,n,n,n,n,p,n
664ja,まさか花粉症になった？つらい,n,n,p,n,n,n,p,n
665ja,テレビでやってたけど、感染してしばらく時間が経ってから熱が出るらしい。,n,n,n,n,n,n,n,n
666ja,嫁も娘も熱で倒れる。俺、大丈夫か！,n,n,n,n,n,p,n,n
667ja,鳥インフルエンザ怖すぎ,n,n,n,n,n,n,n,n
668ja,風邪で頭ぼーっとする。,n,n,n,n,n,n,n,p
669ja,ひどい咳がずっと止まらなくて、昨日あたりから腹筋が痛い。,n,n,n,p,n,n,n,n
670ja,インフルエンザワクチンを安くすませたいけど、いろいろと調べるのはめんどうくさい。,n,n,n,n,n,n,n,n
671ja,花粉症のためか鼻が痛む。,n,n,p,n,n,n,p,n
672ja,君の風邪は科学的に説明できない。,n,n,n,n,n,n,n,p
673ja,今日はインフルで休んでいる子が沢山いる。,p,n,n,n,n,p,n,n
674ja,頭痛対策として好きな音楽を聴くこともある。,n,n,n,n,p,n,n,n
675ja,頭痛は、根源から抹殺が必要だ,n,n,n,n,p,n,n,n
676ja,昨日から嫁が熱でダウン。いま横で鼻水たらしながらおかゆ食べてる。,n,n,n,n,n,p,p,n
677ja,普通は咳するとき口を手で抑えるだろ？,n,n,n,p,n,n,n,n
678ja,季節柄ぜんぜん風邪が治らない。まだ熱が３９度もあるや。,n,n,n,n,n,p,n,p
679ja,来春も花粉症で辛いと思うと憂鬱だ,n,n,n,n,n,n,n,n
680ja,頭痛に鼻風邪でだるい,n,n,n,n,p,n,p,p
681ja,昨夜あんなにはしゃいでいた兄がインフルエンザを発症したらしく、爆笑している。,n,n,n,n,n,n,n,n
682ja,まさか花粉症になるとは、信じたくないわ,n,n,p,n,n,n,p,n
683ja,ネパールのサッカー選手が下痢になったんだって。,n,n,n,n,n,n,n,n
684ja,熱を素早く下げる方法、朝のニュースでやってた！,n,n,n,n,n,p,n,n
685ja,問題は熱っぽいってことだ,n,n,n,n,n,p,n,n
686ja,兄がインフルにかかった！家に受験生いるのにありえないんだけど！,p,n,n,n,n,p,n,n
687ja,頭痛がするからお風呂で半身浴する。,n,n,n,n,p,n,n,n
688ja,妻に加えてついに自分も花粉症の仲間入りとなってしまった。,n,n,p,n,n,n,p,n
689ja,兄がインフルエンザにかかって無能だと思う。,p,n,n,n,n,p,n,n
690ja,今日、下痢で仕事にならない。,n,p,n,n,n,n,n,n
691ja,何日経っても咳がなかなか治まらない。,n,n,n,p,n,n,n,n
692ja,頭痛の症状ソロソロ治らないかな・・。,n,n,n,n,p,n,n,n
693ja,天気頭痛がきた。こんなにきついとは思わなかったな,n,n,n,n,p,n,n,n
694ja,最近、下痢ばっかで辛い。,n,p,n,n,n,n,n,n
695ja,鳥インフルエンザのニュースを見た。感染した疑いがあるアヒルやニワトリ３２万羽を処分したとのこと。危機管理しっかりしているよね。,n,n,n,n,n,n,n,n
696ja,兄がインフルになったらしい。,p,n,n,n,n,p,n,n
697ja,頼むー。今日中に鼻づまり止んでくれー,n,n,n,n,n,n,p,n
698ja,ネパールに旅行行ったら下痢になっちまったー,n,p,n,n,n,n,n,n
699ja,一日中頭痛でさっき会社から帰ってきたよ,n,n,n,n,p,n,n,n
700ja,アトピー患者に花粉症の人が多い。,n,n,n,n,n,n,n,n
701ja,部活でインフルエンザが流行って部活停止らしい。,p,n,n,n,n,p,n,n
702ja,頭痛対策には音楽を聴くとか宇宙に思いを馳せて天体観測をするなどのリラックスも必要だと思うんだ。,n,n,n,n,p,n,n,n
703ja,インフルエンザから回復しました！,n,n,n,n,n,n,n,n
704ja,寒気がしたら風邪かもしれないから、ホットレモンでも飲んで休みましょ。,n,n,n,n,n,n,n,p
705ja,ノロウイルスに集団感染して下痢でつらい。,n,p,n,n,n,n,n,n
706ja,おたふく風邪っぽい症状が出てるんですけど・・・・・・,n,n,n,n,n,n,n,n
707ja,起朝ごはん食べてからお腹の具合がやばい。下痢かも,n,p,n,n,n,n,n,n
708ja,周りに咳してる人が多いときはいつも以上に手洗いを徹底しないと。,n,n,n,n,n,n,n,n
709ja,まさか花粉症？鼻水がまるで水のように流れている。,n,n,p,n,n,n,p,n
710ja,誰でもいいから花粉症の療法を発明してくれー,n,n,p,n,n,n,p,n
711ja,花粉症に効果があると噂の眼鏡を買ったぞ,n,n,p,n,n,n,n,n
712ja,風邪くらいでは休めないと思って出社するからみんなにうつるんだ。,n,n,n,n,n,n,n,p
713ja,インフルに感染したっぽい、熱下がらない,n,n,n,n,n,p,n,n
714ja,今年は花粉症の症状が少ないな。,n,n,p,n,n,n,p,n
715ja,本格的に風邪をひいたらしく、完璧に参ってしまった。,n,n,n,n,n,n,n,p
716ja,水みたいなものが鼻からノンストップ状態で出てるけどまさか花粉症？,n,n,p,n,n,n,p,n
717ja,花粉症の患者はどんどん増えているらしい。,n,n,n,n,n,n,n,n
718ja,鼻水の解消なんてどこ吹く風とばかりに、外で犬と戯れるのが大好きだ。,n,n,n,n,n,n,p,n
719ja,まさか花粉症になるとは・・・,n,n,p,n,n,n,p,n
720ja,下痢という言葉は私の辞書の用語にはない。,n,n,n,n,n,n,n,n
721ja,頭痛だから今日はお風呂やめとこう。,n,n,n,n,p,n,n,n
722ja,英語の翻訳やりすぎて頭痛がするわ。,n,n,n,n,n,n,n,n
723ja,ところで、今日は頭痛がするのだ。,n,n,n,n,p,n,n,n
724ja,わざとらしい咳ってリアルで見るとむかつくよね,n,n,n,p,n,n,n,n
725ja,弟はまだ熱があるらしく、仕事を休むらしい。,n,n,n,n,n,p,n,n
726ja,スペインにいる友達は風邪だと思ってたらおたふくだったそうで。ブログで知りました。,n,n,n,n,n,n,n,n
727ja,咳をするときにはエチケットとしてちゃんと口をおさえてほしいよね,n,n,n,p,n,n,n,n
728ja,妻も遂に花粉症になってしまった。,n,n,p,n,n,n,p,n
729ja,お腹痛い、熱がしんどい、今日は休む,n,p,n,n,n,p,n,n
730ja,俺の頭痛の苦痛を宇宙人に翻訳して伝えてやりたい。,n,n,n,n,n,n,n,n
731ja,頭痛って地味にきつい,n,n,n,n,p,n,n,n
732ja,痰吐きすぎて胸の奥がひきつってるっぽい,n,n,n,p,n,n,n,n
733ja,花粉症と風邪を観察しないと間違えるな。,n,n,p,n,n,n,p,p
734ja,下痢で腹が痛いので助けて,n,p,n,n,n,n,n,n
735ja,朝から頭痛とかやばいよね？,n,n,n,n,p,n,n,n
736ja,頭痛やばいからまだ寝る,n,n,n,n,p,n,n,n
737ja,痰に血が混じるんけど、大丈夫かな。,n,n,n,p,n,n,n,n
738ja,微熱だから風邪だと思ったのに花粉症かよ！,n,n,p,n,n,p,p,n
739ja,インフルの流行る季節だ。うがい手洗い忘れないようにしよう。,n,n,n,n,n,n,n,n
740ja,頭痛がやばいのでそろそろ帰宅,n,n,n,n,p,n,n,n
741ja,集団で下痢になった。笑う,n,p,n,n,n,n,n,n
742ja,熱があってまだお腹が腫れる。,n,p,n,n,n,p,n,n
743ja,思い出すだけであの時下痢をこらえられなかったら今頃どうなってたころやらと不安になるな、、、,n,n,n,n,n,n,n,n
744ja,娘がずっと鼻水出してる。熱はないんだけどなー。,n,n,n,n,n,n,p,n
745ja,風邪なので解熱剤を下から入れるも、ひとりではなかなかできない。,n,n,n,n,n,n,n,p
746ja,咳を抑える薬を飲んだら眠れた。,n,n,n,p,n,n,n,n
747ja,スペインでは新たな注目すべき風邪が流行ってるらしいね,n,n,n,n,n,n,n,n
748ja,頭痛は何か対策ができるんですか？,n,n,n,n,p,n,n,n
749ja,ただの風邪なのに解熱剤までもらったんだが,n,n,n,n,n,n,n,p
750ja,激しい運動をしたからか、頭痛もあるし体もだるいし、今日はお風呂入らないで寝る。,n,n,n,n,p,n,n,n
751ja,鼻づまり解消のハウツー本を読んだけど、どれも胡散臭い。ネットのブログとかにも眉唾ものの民間療法がわんさかあるし、病院行ってちゃんと医師の診断を受けようかな？,n,n,n,n,n,n,p,n
752ja,下痢だったの思い出してサッカー休むことにした。,n,p,n,n,n,n,n,n
753ja,インフルかかったから部活はもちろん休むよ。,p,n,n,n,n,p,n,n
754ja,インフルエンザの原因の動物を殺すだけなんて政府の対応は御粗末だな,n,n,n,n,n,n,n,n
755ja,最悪、風邪ひいたっぽい。,n,n,n,n,n,n,n,p
756ja,鼻づまりが解消できるなら、１万円くらいなら余裕で払う、マジで。,n,n,n,n,n,n,p,n
757ja,いとこがおたふく風邪にかかったらしけど大丈夫かな・・・,n,n,n,n,n,n,n,n
758ja,まさか自分が花粉症になるとは思わなかった。,n,n,p,n,n,n,p,n
759ja,インフルエンザにならないようにワクチンを打たなくちゃ。,n,n,n,n,n,n,n,n
760ja,契約書をすべて変更すると聞いて頭痛がしてきた。,n,n,n,n,n,n,n,n
761ja,花粉症の薬処方されたけど副作用で眠くて仕方ない。,n,n,p,n,n,n,p,n
762ja,咳にはマスクがエチケット。,n,n,n,p,n,n,n,n
763ja,咳をしすぎて腹筋の痛みがひどいんですが,n,n,n,p,n,n,n,n
764ja,インフルにかかったけど回復してきた。水分沢山取らなくちゃ。,p,n,n,n,n,p,n,n
765ja,風邪治りかけだからまだ今一だな。頭痛もするし辛い。,n,n,n,n,p,n,n,p
766ja,インフルエンザにかかると背中が痛くなるって本当？,n,n,n,n,n,n,n,n
767ja,熱でリンパ腺が腫れてすごく痛いんだ。,n,n,n,n,n,p,n,n
768ja,頭痛が苦痛、無痛はいつ？,n,n,n,n,p,n,n,n
769ja,咳がひどいなと思っていたら、週末高熱を出して寝込んでしまった。,n,n,n,n,n,n,n,n
770ja,鼻風邪のため今日もまた休む。,n,n,n,n,n,n,p,p
771ja,絶賛インフル中だが、役所行くために外出中。世田谷区のみなさん、すみません,p,n,n,n,n,p,n,n
772ja,鼻風邪に効く薬を教えてください。,n,n,n,n,n,n,p,p
773ja,下痢って英語でなんて言うんだ？,n,n,n,n,n,n,n,n
774ja,弟が熱があって、鼻水が出て、お腹が痛くてリンパが腫れる謎の病気で休む事が多くなったんだ。,n,p,n,n,n,p,p,n
775ja,翻訳の授業がきつくて頭痛してきた,n,n,n,n,n,n,n,n
776ja,風邪引いて体温も結構高いから学校休める、完璧だわ、でも体だるいし参るな・・・,n,n,n,n,n,p,n,p
777ja,兄がインフルエンザ、爆笑,p,n,n,n,n,p,n,n
778ja,痰に血が混じるってやばいかな？,n,n,n,p,n,n,n,n
779ja,鼻水は止まったけど、会社を休む。,n,n,n,n,n,n,n,n
780ja,鼻水がとまらないんだけど、まさか花粉症？,n,n,p,n,n,n,p,n
781ja,わざとらしい咳をされてイラっときた。,n,n,n,p,n,n,n,n
782ja,ところで音楽を聴くと頭痛がひどくなる。,n,n,n,n,p,n,n,n
783ja,最近色んな花粉症の治療法が出てきているが、本当に効果があるのだろうか。,n,n,n,n,n,n,n,n
784ja,本格的な風邪をひいたみたい。最悪だ。,n,n,n,n,n,n,n,p
785ja,下痢のときは毒を体から出すと楽になる気がする。,n,p,n,n,n,n,n,n
786ja,お腹痛い、下痢ピーやばし！,n,p,n,n,n,n,n,n
787ja,鼻風邪かなと思ってたけど、頭痛もしてきたから今日は休むことにしよう。,n,n,n,n,p,n,p,p
788ja,今日の満さん、鼻風邪やばくてつらそうだったね。あんな時くらい、休めばいいのに。,n,n,n,n,n,n,p,p
789ja,軽い頭痛にイライラするわ,n,n,n,n,p,n,n,n
790ja,娘はおたふくで私は風邪で大変だ・・・一瞬で治る薬を早く開発してほしい,n,n,n,n,n,n,n,p
791ja,テレビのニュース見たら、東京に感染者いるって。熱でるわ。,n,n,n,n,n,n,n,n
792ja,熱でてリンパ腫れまくり,n,n,n,n,n,p,n,n
793ja,下痢で仕事休んだら怒られますかね？,n,p,n,n,n,n,n,n
794ja,咳は治まったけどまだ微妙っぽい,n,n,n,p,n,n,n,n
795ja,風邪は病気ではないんだってね。,n,n,n,n,n,n,n,n
796ja,咳だけでなく、高熱も出てきた。薬が必要だよ！,n,n,n,p,n,p,n,n
797ja,バカ弟。熱出てるから部屋にこもれや,n,n,n,n,n,p,n,n
798ja,朝からちょっと下痢になっている。,n,p,n,n,n,n,n,n
799ja,初詣の巫女さんは寒い中あんな格好で熱を出さないのだろうか？,n,n,n,n,n,n,n,n
800ja,下痢で朝から起きれない。ちょっとやばし,n,p,n,n,n,n,n,n
801ja,去年の冬に下痢できつかったの思い出した。,n,n,n,n,n,n,n,n
802ja,まさか中国で花粉症になるなんて・・・,n,n,n,n,n,n,n,n
803ja,昨晩インフルエンザのやつと握手しちゃった、握手でも移るのかな,p,n,n,n,n,p,n,n
804ja,相手もおたふく風邪だから大変だ。,n,n,n,n,n,n,n,n
805ja,鼻風邪をひいて体調悪かったけど、皆が優しく気遣ってくれて嬉しい,n,n,n,n,n,n,p,p
806ja,おたふく風邪にかかったときは本当に辛かった。,n,n,n,n,n,n,n,n
807ja,頭痛以外はきついところはない。,n,n,n,n,p,n,n,n
808ja,朝起きたら具合悪くて下痢でお腹もやばい。,n,p,n,n,n,n,n,n
809ja,インフルが部活内で大流行中。,p,n,n,n,n,p,n,n
810ja,最近下痢の日が続いている。,n,p,n,n,n,n,n,n
811ja,咳が止まることがなくて悲しくなってきた。病院行こうかな。,n,n,n,p,n,n,n,n
812ja,鼻水、鼻詰まりを含む典型的な鼻風邪になったので今日の面接は無理だ。,n,n,n,n,n,n,p,p
813ja,今年のインフルエンザの流行はワクチン接種の時期より前に始まってしまったようだ。,n,n,n,n,n,n,n,n
814ja,嫁が熱を出したので、今日は久しぶりに夕食を作った。美味しそうに食べてくれたよかったー。,n,n,n,n,n,p,n,n
815ja,来春は花粉症対策が例年よりさらに必要ですよ。,n,n,n,n,n,n,n,n
816ja,鼻水が止まらない、今日の写真撮影は無理だ。,n,n,n,n,n,n,p,n
817ja,咳をしすぎて腹筋が痛い。まったく治まる気配がないからそろそろ病院に行かないとやばいかも。,n,n,n,p,n,n,n,n
818ja,鳥インフルが流行ってるみたい。,n,n,n,n,n,n,n,n
819ja,花粉症で病院行く時間なくてつらい。去年処方してもらった薬使ったら効果あったんだよねー。,n,n,p,n,n,n,p,n
820ja,鼻づまりがひどいけど、私は頑張ってブログを書くよ。,n,n,n,n,n,n,p,n
821ja,これ本当に花粉症に効果あんのかな。,n,n,p,n,n,n,p,n
822ja,インフルなので外出できません！,p,n,n,n,n,p,n,n
823ja,体調悪くて病院で検査したら、インフルだった。,p,n,n,n,n,p,n,n
824ja,下痢って、英語でなんていうんだっけ？,n,n,n,n,n,n,n,n
825ja,旦那が外出先からインフルもらってきた。なんてとんでもないお土産だ,p,n,n,n,n,p,n,n
826ja,ただの風邪かと思ったらおたふく風邪だった・・・,n,n,n,n,n,n,n,n
827ja,熱が出てて携帯いじるのも辛い。,n,n,n,n,n,p,n,n
828ja,鼻水止まらなくてやばい,n,n,n,n,n,n,p,n
829ja,大人になっておたふく風邪やって死にかけました,n,n,n,n,n,n,n,n
830ja,音楽聴いてたら頭痛治るってマジ？,n,n,n,n,p,n,n,n
831ja,朝起きるなり頭痛やだ。ソロソロやばい。,n,n,n,n,p,n,n,n
832ja,咳・痰を抑える薬って何があるか知ってる？,n,n,n,p,n,n,n,n
833ja,兄がインフルエンザになったから外出できなくなっちゃった。,p,n,n,n,n,p,n,n
834ja,やばい。こんなにひどい頭痛は久しぶりだ。お風呂にはいっちゃいけないタイプだったかも。余計に激しくなった。,n,n,n,n,p,n,n,n
835ja,鼻づまり解消法教えてもらえたら嬉しいです。,n,n,n,n,n,n,p,n
836ja,熱だけどまあ問題ないよ。,n,n,n,n,n,p,n,n
837ja,テレビで見たけどこの熱なんかやばそう,n,n,n,n,n,p,n,n
838ja,朝からずっと頭痛である。,n,n,n,n,p,n,n,n
839ja,娘が熱出して鼻水ズルズルだったから学校を休ませた、本人は謎の歌を歌っていて元気そう,n,n,n,n,n,p,p,n
840ja,おたふく風邪って子供だけの病気だと思ってたんだけど、大人でも掛かるみたいだよ。,n,n,n,n,n,n,n,n
841ja,まさか私が花粉症になるとは思ってもなかったわ。,n,n,p,n,n,n,p,n
842ja,リンパがはれて熱が出でてきたよ、やばい病気かも。,n,n,n,n,n,p,n,n
843ja,インフルで絶賛寝込み中,p,n,n,n,n,p,n,n
844ja,まさか・・・いやまさか、花粉症なわけ・・・,n,n,p,n,n,n,p,n
845ja,インフル治りかけだからまだ外出できないな。,p,n,n,n,n,p,n,n
846ja,風邪のせいで一週間以上鼻水が止まらないし、今日こそは薬飲んで早く休もうと思うんだけど、課題が寝かせてくれない。,n,n,n,n,n,n,p,p
847ja,鼻づまりに利く薬ありますか？,n,n,n,n,n,n,p,n
848ja,熱があるので仕事は休む、絶対行かない,n,n,n,n,n,p,n,n
849ja,花粉症の症状が出てきたからそろそろ対策取らなきゃね。,n,n,p,n,n,n,p,n
850ja,咳しすぎて腹筋痛いし、ちょい血痰が混じるようになったしそろそろ俺やばい。,n,n,n,p,n,n,n,n
851ja,うちの犬が鼻風邪ひいたのか、クシュンクシュン言ってる,n,n,n,n,n,n,n,n
852ja,鼻風邪で東京行くのは無理だー！,n,n,n,n,n,n,p,p
853ja,海外だとすぐ下痢するから、日本のありがたさが身にしみる。,n,n,n,n,n,n,n,n
854ja,娘が熱出したから今日は仕事早く切り上げて帰らないと。,n,n,n,n,n,p,n,n
855ja,やばい、下痢かもしれん,n,p,n,n,n,n,n,n
856ja,兄がインフルにかかったんだけど、部活の人たちにも移したらしくて爆笑した。,p,n,n,n,n,p,n,n
857ja,朝から頭痛がひどかったけど、午後になったら急に治ったわ。,n,n,n,n,p,n,n,n
858ja,わざとらしい咳は、最悪だ。,n,n,n,p,n,n,n,n
859ja,鼻風邪をひいて鼻づまりがひどい。普段は犬と戯れることが大好きだが、今日は無理。ごめんよチャック。,n,n,n,n,n,n,p,p
860ja,インフルエンザが回復した。,n,n,n,n,n,n,n,n
861ja,遂に、妻も花粉症になりました。,n,n,p,n,n,n,p,n
862ja,翻訳作業の進捗聞かれると頭痛がしてくる。相手は知ったこっちゃないだろうけど。,n,n,n,n,n,n,n,n
863ja,下痢というと去年のネパール旅行思い出す。日本だとまず下痢なんてしないのに。,n,n,n,n,n,n,n,n
864ja,咳と痰、そして高熱、どうやら風邪のようだ。,n,n,n,p,n,p,n,p
865ja,風邪は科学の力では治せないらしいから、強い体を作っておくのが大事だよ。,n,n,n,n,n,n,n,n
866ja,娘がまだ熱が下がらないので、会社休みます。,n,n,n,n,n,p,n,n
867ja,熱はどの季節がいちばんつらい？,n,n,n,n,n,n,n,n
868ja,受験生の兄がインフルエンザにかかってしまったらしい。,p,n,n,n,n,p,n,n
869ja,今日は特に鼻水がやばい。,n,n,n,n,n,n,p,n
870ja,翻訳作業が苦痛だぁ。頭痛がしてきた。,n,n,n,n,n,n,n,n
871ja,熱が出たけど鼻水は垂れてないよ。,n,n,n,n,n,p,n,n
872ja,ブログ更新しました！風邪の予防にはアレが一番！,n,n,n,n,n,n,n,n
873ja,下痢がやばくてお腹が超痛い。,n,p,n,n,n,n,n,n
874ja,ヘッドセットを装着すると、頭痛がする。,n,n,n,n,n,n,n,n
875ja,インフルで寝てたから背中が痛くてたまらん。だれかマッサージして。,p,n,n,n,n,p,n,n
876ja,インフルエンザワクチンの注射を打ったよ,n,n,n,n,n,n,n,n
877ja,おたふく風邪がブームになるらしい？,n,n,n,n,n,n,n,n
878ja,花粉症からまさかの微熱。,n,n,p,n,n,p,p,n
879ja,秋にも花粉症ってあるのかな？,n,n,n,n,n,n,n,n
880ja,インフルエンザにかかっている人、職場にも多い。体調管理しっかりしなければ。,p,n,n,n,n,p,n,n
881ja,東京遊びに来たけど鼻風邪ひいてしんどい,n,n,n,n,n,n,p,p
882ja,鼻水出るけど風邪なのかアレルギーなのか。,n,n,n,n,n,n,p,p
883ja,花粉症患者喜べ、来春は花粉は少ないらしい！,n,n,n,n,n,n,n,n
884ja,咳しすぎて、腹筋バキバキ。,n,n,n,p,n,n,n,n
885ja,嫁が熱で休んでいるんですが、鼻水が詰まって眠れないと言い出しまして。,n,n,n,n,n,p,p,n
886ja,早めに頭痛薬を飲むことが必要だ。タイミングを逸すると苦痛が続く。,n,n,n,n,p,n,n,n
887ja,熱が出たので一日中ベッドの上でテレビを見て過ごした。,n,n,n,n,n,p,n,n
888ja,痰は人前ではかないのがエチケット！,n,n,n,p,n,n,n,n
889ja,兄がインフルエンザとか言い出して昨晩から吐いてるんですが,n,n,n,n,n,n,n,n
890ja,寒気がしてだるい。本格的に風邪を引いたかもしれない。,n,n,n,n,n,n,n,p
891ja,朝起きたら下痢がやばいで御座るの巻。今日は仕事行けないかも。,n,p,n,n,n,n,n,n
892ja,おたふく風邪ってみんな小さい時にやっているのかな？俺はなっていないから大人になってかかったら大変だと聞いた。,n,n,n,n,n,n,n,n
893ja,朝やばい頭痛に襲われてから体がだるくてしょうがない,n,n,n,n,p,n,n,n
894ja,風邪最悪だけど、休める訳もない。,n,n,n,n,n,n,n,p
895ja,季節外れの熱風邪中。,n,n,n,n,n,p,n,p
896ja,インフルの熱で兄の背中が真っ赤になっていた。,p,n,n,n,n,p,n,n
897ja,風邪でぼーっとする。今日は今一だ。本格的にだるい。,n,n,n,n,n,n,n,p
898ja,娘が熱をだしたと聞いて急いで帰ってきた。,n,n,n,n,n,p,n,n
899ja,インフルっぽいのは昨晩外出したのが原因かも。,n,n,n,n,n,n,n,n
900ja,ヘッドセットがきついからか頭痛が酷い。,n,n,n,n,n,n,n,n
901ja,来春は花粉症患者が増えそうだ。,n,n,n,n,n,n,n,n
902ja,このインフルエンザは感染してもそこまで高い熱が出ないらしいね,n,n,n,n,n,n,n,n
903ja,翻訳の契約ができたが仕事がきついのことが頭痛のタネだ。,n,n,n,n,n,n,n,n
904ja,咳が止まらずに本当に疲れる,n,n,n,p,n,n,n,n
905ja,今回に頭痛が激しいのは久し振りだ。,n,n,n,n,p,n,n,n
906ja,頭痛が続いて毎日が苦痛です。,n,n,n,n,p,n,n,n
907ja,やばいくらい寒くて腹冷えて下痢だー,n,p,n,n,n,n,n,n
908ja,咳のときはちゃんと口を抑えるのがエチケットだろ,n,n,n,p,n,n,n,n
909ja,インフルエンザが流行る季節になった。,n,n,n,n,n,n,n,n
910ja,バイト先から帰る途中に頭痛がしています。,n,n,n,n,p,n,n,n
911ja,高熱でもよく眠れる薬って何？,n,n,n,n,n,p,n,n
912ja,ところで頭痛が痛いは痛いがだぶってるからアウトですよ,n,n,n,n,p,n,n,n
913ja,鼻水が少し垂れてきただけで会社を休む、俺の妻。,n,n,n,n,n,n,p,n
914ja,リンパ腫れて熱出てきた。明日仕事行けるか微妙だな。,n,n,n,n,n,p,n,n
915ja,風邪で寒気が止まらない。,n,n,n,n,n,n,n,p
916ja,今日こそ鼻水が止まってほしい。,n,n,n,n,n,n,p,n
917ja,最近微熱続きなんだけど、これも花粉症のせい？,n,n,p,n,n,p,p,n
918ja,下痢って英語でなんて言うんだ,n,n,n,n,n,n,n,n
919ja,インフルエンザって鳥にもかかるんだね。,n,n,n,n,n,n,n,n
920ja,リンパが腫れると熱が出るんだっけ？,n,n,n,n,n,n,n,n
921ja,咳より痰の方がひどいから薬飲む。,n,n,n,p,n,n,n,n
922ja,鼻づまりがやばいからなんか今日行くのやめた。,n,n,n,n,n,n,p,n
923ja,だから咳するときは手で覆うのがエチケットだって何度言わせんの・・・,n,n,n,p,n,n,n,n
924ja,長風呂したら頭痛なおった！リラックス大事だな〜,n,n,n,n,n,n,n,n
925ja,花粉症の療法が発達してだいぶ楽になったよねー。,n,n,p,n,n,n,p,n
926ja,咳が出る人はマスクするのがエチケットだよな。,n,n,n,p,n,n,n,n
927ja,最悪だ・・・。絶対コレ風邪だ。,n,n,n,n,n,n,n,p
928ja,最悪だ。これから大切な会議なのに、風邪引いて頭がぼーっとする。,n,n,n,n,n,n,n,p
929ja,鼻水がひどくて寝るの無理だ。,n,n,n,n,n,n,p,n
930ja,こんなに激しい頭痛久し振りだぜ,n,n,n,n,p,n,n,n
931ja,インフルで検査。混んでる,n,n,n,n,n,n,n,n
932ja,眠くてだるくて参った。風邪だ、最悪だ。頭痛っぽい。,n,n,n,n,p,n,n,p
933ja,頭痛きつい、病院で処方された薬が必要だ。,n,n,n,n,p,n,n,n
934ja,朝からこんなに頭痛がするのは久し振りだ。,n,n,n,n,p,n,n,n
935ja,咳止まらないのにマスクをしない奴はエチケットがなっていない,n,n,n,p,n,n,n,n
936ja,やばいものを食うと何時も下痢をする。,n,p,n,n,n,n,n,n
937ja,海鮮丼食べたら下痢になった・・・,n,p,n,n,n,n,n,n
938ja,頭痛のときって痛くならないようにソロソロ動く。,n,n,n,n,p,n,n,n
939ja,どうも熱がある気がする、季節の変わり目だし、早く帰って寝よう。,n,n,n,n,n,p,n,n
940ja,インフルエンザにかかってご飯作ることができない。,p,n,n,n,n,p,n,n
941ja,風邪が治らないので、明日のブログの更新は延期します。すみません！,n,n,n,n,n,n,n,p
942ja,寒気とだるさと頭ぼーっとする。風邪かなこりゃ・・・。,n,n,n,n,n,n,n,p
943ja,熱だし鼻水だし。いきなりビックリして怖いわ,n,n,n,n,n,p,p,n
944ja,スペイン風邪とおたふく風邪の違いを教えてくれ,n,n,n,n,n,n,n,n
945ja,今日朝から何も食べてないのに下痢。やばい。,n,p,n,n,n,n,n,n
946ja,スペイン行ってから、風邪気味だ。,n,n,n,n,n,n,n,p
947ja,兄がやっとインフルから回復した。,n,n,n,n,n,n,n,n
948ja,部活内でインフルが流行している。,p,n,n,n,n,p,n,n
949ja,風邪対策は完璧だと思ってたのに、眠いからって炬燵でうたた寝してから調子が微妙だ。,n,n,n,n,n,n,n,p
950ja,インフルの奴って沢山居るよな,p,n,n,n,n,p,n,n
951ja,やばい、お腹痛い。下痢とまらん。,n,p,n,n,n,n,n,n
952ja,昨晩のテレビのインフル特集見たら、マスク買いに行きたくなったわー,n,n,n,n,n,n,n,n
953ja,風邪のせいで体調が微妙だ,n,n,n,n,n,n,n,p
954ja,中国で鳥インフルエンザが流行ってるって本当かな？,n,n,n,n,n,n,n,n
955ja,アトピーだと花粉症もつらいんだよー,n,n,p,n,n,n,p,n
956ja,咳が止まらないから腹筋も痛くなってきたし、さっき飲んだ薬も効いてこない。,n,n,n,p,n,n,n,n
957ja,嬉しい！フォロワーさんの優しさに鼻水噴くわ〜〜,n,n,n,n,n,n,n,n
958ja,今日も下痢が続いてるなー,n,p,n,n,n,n,n,n
959ja,今朝の通勤電車で咳エチケットができていない女性がいてすごく嫌な気持ちになった,n,n,n,p,n,n,n,n
960ja,頭痛の症状がどんなかを相手に伝えるのって難しい。,n,n,n,n,p,n,n,n
961ja,この前、近くのサッカーチームで集団で食中毒起きてみんな下痢になっちゃったらしい。昔なってキツかったの思い出したわ。,n,n,n,n,n,n,n,n
962ja,花粉症の予防注射打ったんだけど効果なし。,n,n,p,n,n,n,p,n
963ja,咳をし過ぎると腹筋痛くなるし頭まで痛くなるでしょう？,n,n,n,p,n,n,n,n
964ja,今日デートなのに風邪とか最悪だ・・・,n,n,n,n,n,n,n,p
965ja,花粉症だと思ってたら、微熱が出てきて風邪だと判明！間違えることもあるんですね。,n,n,p,n,n,p,p,p
966ja,ひどい頭痛が続く。休息が必要だ。,n,n,n,n,p,n,n,n
967ja,ようやくインフルエンザから回復してきたけどまだ本調子じゃない。,p,n,n,n,n,p,n,n
968ja,朝下痢止まらなくて仕事行けないかと思った,n,p,n,n,n,n,n,n
969ja,デング熱の感染についてテレビニュースで報道があった。,n,n,n,n,n,n,n,n
970ja,インフルのワクチン朝から接種してきたからなんだか体がだるおもいな。,n,n,n,n,n,n,n,n
971ja,下痢が止まらなくてやばい。,n,p,n,n,n,n,n,n
972ja,鼻づまりってもうなんも感じなくて無理だ。,n,n,n,n,n,n,p,n
973ja,熱のせいかリンパが腫れている。,n,n,n,n,n,p,n,n
974ja,熱が出たんけど、ウイルスに感染したかな・・・？,n,n,n,n,n,p,n,n
975ja,寒いせいか朝から下痢がやばい！,n,p,n,n,n,n,n,n
976ja,日本に帰ってきてから下痢がとまらん。,n,p,n,n,n,n,n,n
977ja,宇宙のことを考え始めたら止まらなくなって頭痛。,n,n,n,n,n,n,n,n
978ja,鼻風邪と頭痛がやばい。,n,n,n,n,p,n,p,p
979ja,科学が発達しても風邪は中々なくならないねぇ。,n,n,n,n,n,n,n,n
980ja,寒気がする。しかもぼーっとする。これは風邪かも。,n,n,n,n,n,n,n,p
981ja,妻の憂鬱そうなマスク姿。早くも花粉症の季節が来たらしい。,n,n,p,n,n,n,p,n
982ja,インフルエンザから回復したので外出した。,n,n,n,n,n,n,n,n
983ja,外で痰を吐く人には叱ることが必要だと思うけど,n,n,n,p,n,n,n,n
984ja,風邪をひいたらしく寒気がするしだるい。,n,n,n,n,n,n,n,p
985ja,咳を止める薬を飲むと副作用で頭がぼーっとしてくるからこの状況で飲むというのは微妙だ。,n,n,n,p,n,n,n,n
986ja,祖母の作った親子丼で下痢になった死んだ,n,p,n,n,n,n,n,n
987ja,鼻づまりの解消方法、誰か教えて。,n,n,n,n,n,n,p,n
988ja,今日は風邪で寒気がしてだるいし、眠いし、ぼーっとしてるし、外出するかも微妙だな。,n,n,n,n,n,n,n,p
989ja,粗熱をとってから涼しいところに置く。,n,n,n,n,n,n,n,n
990ja,痰がでるときは特に手洗いとうがいをしようよ。,n,n,n,p,n,n,n,n
991ja,インフル蔓延してて部活中止になった,p,n,n,n,n,p,n,n
992ja,朝目が覚めた途端に頭痛がくるとか、最悪ですわ,n,n,n,n,p,n,n,n
993ja,ブログには高熱が出て痰も出ると書いていた。,n,n,n,n,n,n,n,n
994ja,頭痛なんて苦痛以外の何物でもない。,n,n,n,n,p,n,n,n
995ja,微熱があるんだけど花粉症の症状じゃないよね？,n,n,p,n,n,p,p,n
996ja,秋でも花粉症の患者さんはいるみたいだし,n,n,n,n,n,n,n,n
997ja,最近ちょっと腹が痛いといつも下痢だ。,n,p,n,n,n,n,n,n
998ja,風邪と言えばスペイン、おたふく、どっちが強い？,n,n,n,n,n,n,n,n
999ja,朝から猛烈に腹が痛かったけど、案の定下痢だった。,n,p,n,n,n,n,n,n
1000ja,こんなにつらい頭痛久し振りだわ,n,n,n,n,p,n,n,n
1001ja,スペイン風邪って大変みたい、誰かのブログで読んだ。,n,n,n,n,n,n,n,n
1002ja,インフルエンザになって外出できません！,p,n,n,n,n,p,n,n
1003ja,インフルエンザにならないように体調管理しなきゃな。,n,n,n,n,n,n,n,n
1004ja,インフル流行で部活中止,p,n,n,n,n,p,n,n
1005ja,絶賛インフルエンザ中！,p,n,n,n,n,p,n,n
1006ja,咳をしすぎて腹筋が痛い。疲れるし頭も痛くなってきたし最悪だわ。,n,n,n,p,p,n,n,n
1007ja,寒気もするしぼーっとしてるって言われたんだけど風邪でもひいたかな・・・？,n,n,n,n,n,n,n,p
1008ja,インフルエンザで昨晩は死ぬほど辛い思いをした。,p,n,n,n,n,p,n,n
1009ja,この時期はアトピーと花粉症のコンボでめちゃくちゃ辛いんだなこれが。はやく秋になーれ。,n,n,p,n,n,n,p,n
1010ja,兄と外出する予定だったけどインフルエンザで現在高熱格闘中,p,n,n,n,n,p,n,n
1011ja,なんか鼻水が止まらない。薬を飲まないとやばいかも。,n,n,n,n,n,n,p,n
1012ja,いつもと違う食べ物を食べたら、下痢になった。,n,p,n,n,n,n,n,n
1013ja,花粉症の人ってアトピーの人も多くなる？,n,n,n,n,n,n,n,n
1014ja,風呂上がりに髪乾かさなかったからか、軽く頭痛がする,n,n,n,n,p,n,n,n
1015ja,花粉症で目と喉が痛む,n,n,p,p,n,n,p,n
1016ja,インフルにかかったときの鼻粘液をとる検査がつらい。,n,n,n,n,n,n,n,n
1017ja,お腹痛くて下痢で仕事遅刻,n,p,n,n,n,n,n,n
1018ja,風邪の季節じゃないのに熱がでてすごいつらい・・・,n,n,n,n,n,p,n,n
1019ja,下痢って英語でなんて言うのかな。,n,n,n,n,n,n,n,n
1020ja,熱が出た！やっぱり巫女さんのバイトの服装は涼しすぎたかな。,n,n,n,n,n,p,n,n
1021ja,上司は頭痛がすると言って早く帰った。,n,n,n,n,p,n,n,n
1022ja,鼻水が止まらないので会社休みたい。,n,n,n,n,n,n,p,n
1023ja,朝寒いからかなあ、やばい、下痢した。,n,p,n,n,n,n,n,n
1024ja,朝から激しい頭痛が止まらない。,n,n,n,n,p,n,n,n
1025ja,おたふく風邪で顔がぱんぱん,n,n,n,n,n,n,n,n
1026ja,鼻水に頭痛。今日は会社休むよ。,n,n,n,n,p,n,p,n
1027ja,咳で腹筋が痛いってさ。相手するの疲れるわ,n,n,n,p,n,n,n,n
1028ja,痰を飲むにもコツがいる。,n,n,n,p,n,n,n,n
1029ja,咳が寝ても一向に止まることはないー。,n,n,n,p,n,n,n,n
1030ja,昨晩ついにインフル発症してしまった。,p,n,n,n,n,p,n,n
1031ja,鼻づまりの声で本を読む。,n,n,n,n,n,n,p,n
1032ja,集団で下痢は最悪だわ,n,n,n,n,n,n,n,n
1033ja,咳をするときは手を押さえろよー。それくらい社会人としてのエチケットだろ！,n,n,n,p,n,n,n,n
1034ja,嫁の熱が移って仲良く休むことに、とほほ。,n,n,n,n,n,p,n,n
1035ja,朝から下痢でテンション下がるー。,n,p,n,n,n,n,n,n
1036ja,咳のし過ぎで腹筋割れた,n,n,n,p,n,n,n,n
1037ja,ぼーっとしてる。風邪ひいたかも。,n,n,n,n,n,n,n,p
1038ja,犬が大好きだが、アレルギーのせいで近寄ると鼻水がすごく出てしまう。,n,n,n,n,n,n,p,n
1039ja,頭痛で頭が曲がりそう,n,n,n,n,p,n,n,n
1040ja,携帯が熱を持ってて、やばい、誰か助けて,n,n,n,n,n,n,n,n
1041ja,花粉症に効果のあるお茶もらったよ。,n,n,p,n,n,n,p,n
1042ja,娘の鼻水と熱が治まらない,n,n,n,n,n,p,p,n
1043ja,痰は止まったし、熱も下がった。そろそろ腹筋再開しようかな。,n,n,n,n,n,n,n,n
1044ja,咳をするときは手で押さえるのがエチケットだろうが。,n,n,n,p,n,n,n,n
1045ja,インフルエンザで寝込んでたんだけれど、一晩寝たら大分回復してよかった。,p,n,n,n,n,p,n,n
1046ja,風邪で頭がぼーっとする。参ったなー、明日からのテスト本格的にやばいかも,n,n,n,n,n,n,n,p
1047ja,微妙に風邪で頭痛があるし最悪だー！,n,n,n,n,p,n,n,p
1048ja,医者が間違えて花粉症だって診断しやがった。,n,n,p,n,n,n,p,p
1049ja,熱はないから問題ないよ。,n,n,n,n,n,n,n,n
1050ja,頭がぼーっとする、風邪っぽいかも。,n,n,n,n,n,n,n,p
1051ja,祖母の下痢が続いてて心配。,n,p,n,n,n,n,n,n
1052ja,腹痛で熱が出るケースってあるのかな？,n,p,n,n,n,p,n,n
1053ja,わざとらしい咳ならまだしも、高熱が出ているなら休むのは回りの人のためのエチケットとして必要では？,n,n,n,p,n,p,n,n
1054ja,俺の彼女、鼻水出てるけど、大好きだ！,n,n,n,n,n,n,p,n
1055ja,強引に鼻水を薬で止まると念じて格闘中。,n,n,n,n,n,n,p,n
1056ja,本格的に風邪をひいてしまったらしい,n,n,n,n,n,n,n,p
1057ja,インフルエンザだと背中が寒く感じるらしい。,n,n,n,n,n,n,n,n
1058ja,今朝テレビでやってたけど最近デング熱が問題になっているらしい。俺も感染しないか心配だわ。,n,n,n,n,n,n,n,n
1059ja,集団食中毒にまきこまれて下痢を起こしている,n,p,n,n,n,n,n,n
1060ja,こんな感染の少ない時期に誰が熱出したの？,n,n,n,n,n,p,n,n
1061ja,痰を道端に吐いていく人は悪人だと思ってる。,n,n,n,p,n,n,n,n
1062ja,寒気するわ、風邪じゃないかな,n,n,n,n,n,n,n,p
1063ja,鼻水止まらない！やばい！,n,n,n,n,n,n,p,n
1064ja,インフルで熱が出て喉が渇いてしょうがない。,p,n,n,n,n,p,n,n
1065ja,朝から下痢だー。泣きそう,n,p,n,n,n,n,n,n
1066ja,さっきニュースで携帯が熱持ちやすい問題についてやってたよ。,n,n,n,n,n,n,n,n
1067ja,嫁が熱出したんで、今日はコンビニ弁当,n,n,n,n,n,p,n,n
1068ja,風邪が本格化してきて参っている。,n,n,n,n,n,n,n,p
1069ja,帰宅したときから頭痛がやばい・・・,n,n,n,n,p,n,n,n
1070ja,インフルのせいで引きこもり３日目。外出したい！,p,n,n,n,n,p,n,n
1071ja,花粉症対策にメガネ買った。,n,n,p,n,n,n,p,n
1072ja,風邪だと頭がぼーっとして寒気もしない？,n,n,n,n,n,n,n,p
1073ja,咳がひどいときはマスクをするのがエチケットだと思う。,n,n,n,p,n,n,n,n
1074ja,風邪で本格的にだるい、眠い,n,n,n,n,n,n,n,p
1075ja,インフルエンザのワクチンまだ余ってるかな？,n,n,n,n,n,n,n,n
1076ja,ニュースで誰かが、東京では感染症で熱高い人が多いって言ってた。,n,n,n,n,n,n,n,n
1077ja,まさかの初の花粉症でつらし。,n,n,p,n,n,n,p,n
1078ja,咳がひどいから腹筋痛い！,n,n,n,p,n,n,n,n
1079ja,痰っぽいものが目から溢れ出す,n,n,n,n,n,n,n,n
1080ja,インフルエンザって、かかっても手術とかすることはないよね？,n,n,n,n,n,n,n,n
1081ja,熱があるし、リンパ腺もはれている。,n,n,n,n,n,p,n,n
1082ja,熱が出たんだけど風邪引くにしては季節も遅いし、暖かくなってきたからってエアコンで涼しくしすぎたかな。,n,n,n,n,n,p,n,n
1083ja,契約のことを考えると頭痛がする。,n,n,n,n,n,n,n,n
1084ja,娘か嫁から風邪移されて熱で今日は休んでます。,n,n,n,n,n,p,n,p
1085ja,風邪引いて鼻水止まらない。,n,n,n,n,n,n,p,p
1086ja,微熱があるのでまさか花粉症だとは思わなかった。,n,n,p,n,n,p,p,n
1087ja,熱は下がったけど、咳は相変わらずひどい・・・,n,n,n,p,n,p,n,n
1088ja,熱は下がったけど、咳はまだ微妙だな。,n,n,n,p,n,p,n,n
1089ja,契約が必要と聞いて頭痛がしてきた,n,n,n,n,n,n,n,n
1090ja,風邪でぼーっとするし、家事できない。参った。,n,n,n,n,n,n,n,p
1091ja,朝起きたら頭痛がしたので今日は会社休みます。,n,n,n,n,p,n,n,n
1092ja,熱っぽいし、だるい。完璧風邪だな。,n,n,n,n,n,p,n,p
1093ja,弟が熱を出したようで心配だ。,n,n,n,n,n,p,n,n
1094ja,なにこの頭痛、わたし頭曲がるの？,n,n,n,n,p,n,n,n
1095ja,頭痛がするからお風呂に入るのもだるい。,n,n,n,n,p,n,n,n
1096ja,妻の鼻水がひどかったから風邪かと思って病院に行かせたら、花粉症だったらしい。,n,n,p,n,n,p,p,n
1097ja,朝起きたら昨日よりも頭痛がひどくなってた。,n,n,n,n,p,n,n,n
1098ja,最近ストレスが溜まっているので下痢と便秘を繰り返しているのでなんとかならないかな。,n,p,n,n,n,n,n,n
1099ja,兄がインフルになったらしい,p,n,n,n,n,p,n,n
1100ja,朝は頭痛だったけどソロソロ出勤しましょうかね。,n,n,n,n,p,n,n,n
1101ja,痰と血が混じっていて、もうダメかもしれない,n,n,n,p,n,n,n,n
1102ja,わざとらしい咳が得意である。,n,n,n,n,n,n,n,n
1103ja,わざとらしい咳をしてるやつがいる。,n,n,n,p,n,n,n,n
1104ja,母ちゃんの水着写真とか、鼻血じゃなくて鼻水吹く。,n,n,n,n,n,n,n,n
1105ja,ここまでひどい頭痛は久し振りだなぁ。,n,n,n,n,p,n,n,n
1106ja,朝寒いからちょっとお腹がやばい感じ。仕事に行く前に食うと下痢しそうだから止めてるよ。,n,p,n,n,n,n,n,n
1107ja,朝になったら頭痛消えないとやばいんだけど。,n,n,n,n,p,n,n,n
1108ja,この微熱が続いて疲れる感じ、まさかの花粉症か？,n,n,p,n,n,p,p,n
1109ja,契約しに喫茶店に行こうとしてんのに頭痛に悩まされていますよ。,n,n,n,n,p,n,n,n
1110ja,犬と遊んでたら鼻づまり治った！,n,n,n,n,n,n,n,n
1111ja,ネパールの旅行中に生水を飲んだら下痢をした。,n,n,n,n,n,n,n,n
1112ja,頭痛が激しいので早退した,n,n,n,n,p,n,n,n
1113ja,やっとインフルから回復してきた・・・,p,n,n,n,n,p,n,n
1114ja,土産にインフル置いていくとか勘弁して。,p,n,n,n,n,p,n,n
1115ja,痰が出るから薬飲む。,n,n,n,p,n,n,n,n
1116ja,弟がお腹にくるタイプの風邪を引いてて、熱もあるしお弁当も食べれないっぽくて心配・・・,n,p,n,n,n,p,n,p
1117ja,ゆう君が風邪で大変だ,n,n,n,n,n,n,n,p
1118ja,花粉症治ったかと思ってたけど今年から再発したみたい,n,n,p,n,n,n,p,n
1119ja,集団の食中毒で下痢になったー。爆笑。,n,p,n,n,n,n,n,n
1120ja,単なる風邪程度で解熱のための強い薬を使わない方がよい,n,n,n,n,n,n,n,p
1121ja,ずっと会いたかった友達と久しぶりに会えて嬉しい。勢い余って鼻水と涙出てきた。,n,n,n,n,n,n,n,n
1122ja,鼻づまりがひどいから解消法教えて！,n,n,n,n,n,n,p,n
1123ja,早くも花粉症が再発です。,n,n,p,n,n,n,p,n
1124ja,下痢気味でお腹が痛い。,n,p,n,n,n,n,n,n
1125ja,だいぶ咳は治まってきた。,n,n,n,p,n,n,n,n
1126ja,頭痛がひどすぎる。この苦痛から解放されたい。,n,n,n,n,p,n,n,n
1127ja,集団で下痢になった事件を思い出したわ,n,n,n,n,n,n,n,n
1128ja,下痢に負けずサッカーをした。,n,p,n,n,n,n,n,n
1129ja,咳のし過ぎで腹筋がすごく痛い。,n,n,n,p,n,n,n,n
1130ja,下痢してる。お腹めっちゃ痛い。,n,p,n,n,n,n,n,n
1131ja,花粉症で微熱が続くのは久し振りだ。,n,n,p,n,n,p,p,n
1132ja,携帯が熱をもっている。熱いよ。,n,n,n,n,n,n,n,n
1133ja,頭痛やばくて頭かち割れそう,n,n,n,n,p,n,n,n
1134ja,仕事中に下痢になるのだけは勘弁。,n,p,n,n,n,n,n,n
1135ja,娘が熱出したので早退。,n,n,n,n,n,p,n,n
1136ja,彼が高熱でうなされて寝言と咳がすごい・・・,n,n,n,p,n,p,n,n
1137ja,多分鼻風邪を引いたんだけど、薬を忘れてしまった・・・,n,n,n,n,n,n,p,p
1138ja,誰でもいいから風邪を一瞬で治す薬を開発しておくれ。,n,n,n,n,n,n,n,p
1139ja,昨日、親子丼食べてから下痢になった・・・。,n,p,n,n,n,n,n,n
1140ja,なんかこれって風邪？鼻水と鼻づまりがやばいくらい止まらないんですけど。,n,n,n,n,n,n,p,p
1141ja,咳をするときにはハンカチで押さえるのがエチケットだと思う。,n,n,n,p,n,n,n,n
1142ja,インフルが怖いから、ワクチン注射しに行く。,n,n,n,n,n,n,n,n
1143ja,風邪は病気と思わない方がよいよ。,n,n,n,n,n,n,n,p
1144ja,仕事も失敗続きで、嫁ともケンカばかり。おまけに謎の熱がとまらない。,n,n,n,n,n,p,n,n
1145ja,インフルエンザの季節だね,n,n,n,n,n,n,n,n
1146ja,まさか俺が花粉症になっちまうとは,n,n,p,n,n,n,p,n
1147ja,英語を使うプレゼンの直前で緊張がピークに達したと思ったら急激な腹痛が来てまさかの下痢。,n,p,n,n,n,n,n,n
1148ja,おたふく風邪なったことないんだけどそんなつらいの？,n,n,n,n,n,n,n,n
1149ja,咳が出はじめたら、のど飴が必要だ。,n,n,n,p,n,n,n,n
1150ja,喉腫れるし微妙にだるい。バイト行きたくねぇからむしろ熱出てほしいわ,n,n,n,p,n,n,n,n
1151ja,痰は道に吐いちゃダメだよ。それはエチケットだから。,n,n,n,p,n,n,n,n
1152ja,インフルの検査痛かった〜。,n,n,n,n,n,n,n,n
1153ja,風邪だと思ってたんだけどずっと治らないしなんか病気なのかもしれん。,n,n,n,n,n,n,n,p
1154ja,英語で下痢ってなんていうの？,n,n,n,n,n,n,n,n
1155ja,頭がガンガンするし、鼻水もだらだらでる。明日は学校休む。,n,n,n,n,p,n,p,n
1156ja,兄がインフルにかかって家で寝込んでいる。,p,n,n,n,n,p,n,n
1157ja,風邪で最悪だよ。頭も微妙だ。怖いわ,n,n,n,n,p,n,n,p
1158ja,こんなひどい頭痛は久し振りだ！,n,n,n,n,p,n,n,n
1159ja,だるくて頭痛がするから熱はかった。４０度もあった。風邪だな。,n,n,n,n,p,p,n,p
1160ja,現代科学の叡智を結集しても未だに風邪を治す薬が開発できないのは納得がいかない！,n,n,n,n,n,n,n,n
1161ja,風邪をひいて、鼻づまりがひどいから今日は休む。,n,n,n,n,n,n,p,p
1162ja,朝から下痢気味。今日は大事な仕事があるのにこれはやばいで御座る。,n,p,n,n,n,n,n,n
1163ja,朝からずっと頭痛、だるい。,n,n,n,n,p,n,n,n
1164ja,鼻づまりをただの鼻風邪だと思ってたら頭も痛いし風邪を引いたっぽい。,n,n,n,n,p,n,p,p
1165ja,アトピーにも花粉症にも効果あるらしいんで試してみよう。,n,n,p,n,n,n,p,n
1166ja,もうインフルが流行る季節か,n,n,n,n,n,n,n,n
1167ja,蜂の密が花粉症に良いっていうのは本当だろうか。,n,n,n,n,n,n,n,n
1168ja,翻訳が必要だと言われて今その真っ最中なんだけど、きつい作業で頭痛がする。,n,n,n,n,n,n,n,n
1169ja,鼻水出るけど熱は微妙だなぁ,n,n,n,n,n,p,p,n
1170ja,風邪のせいか頭痛するし身体がだるい。早く帰りたいわ。,n,n,n,n,p,n,n,p
1171ja,鼻づまりのせいで、着信に出たのに間違い電話だと思われたんだけど。,n,n,n,n,n,n,p,n
1172ja,風邪が一発で治る新薬を開発してほしい。病気がちな私には有難いんだけど。,n,n,n,n,n,n,n,n
1173ja,最近下痢気味で困る。,n,p,n,n,n,n,n,n
1174ja,初期の風邪で強い解熱剤使うと逆にやばいよ？,n,n,n,n,n,n,n,p
1175ja,インフルエンザを予防するには体調管理が大切だ。,n,n,n,n,n,n,n,n
1176ja,鼻づまりがひどくて頭痛もしてきた,n,n,n,n,p,n,p,n
1177ja,数日前から高熱に咳もでて死にそう。,n,n,n,p,n,p,n,n
1178ja,風邪で体がだるくてぼーっとする。,n,n,n,n,n,n,n,p
1179ja,俺って昔から花粉症やらアトピーやら色々弱点多すぎる。処方される薬も山のようだし。,n,n,p,n,n,n,p,n
1180ja,熱が最近頻繁に出てるけど、感染してるんかな。,n,n,n,n,n,p,n,n
1181ja,巫女さんのバイトやったら熱でちゃったし,n,n,n,n,n,p,n,n
1182ja,ぼーっとしています。だるくしています。寒気がしています。これって風邪？,n,n,n,n,n,n,n,p
1183ja,季節の変わり目に急に涼しくなったから、風邪をひいて熱を出してしまった。,n,n,n,n,n,p,n,p
1184ja,また契約書類が追加で必要だってことで、頭痛が止まらないぜ。,n,n,n,n,n,n,n,n
1185ja,爆笑したら危うく下痢が出るところだった。危なかった。,n,p,n,n,n,n,n,n
1186ja,おたふく風邪に大人になってはじめてひいたけど、これたしかやばいやつなんだよねぇ！,n,n,n,n,n,n,n,n
1187ja,咳は治まってきたけど腹筋が痛いし疲れた・・・,n,n,n,p,n,n,n,n
1188ja,秋の花粉症は少ないからあんまりわかってもらえなくてつらい。,n,n,p,n,n,n,p,n
1189ja,頭痛には風呂がいいんだってほんとかな？,n,n,n,n,p,n,n,n
1190ja,今夜カラオケ行くんだけど鼻づまり解消する良い方法知りませんかね？,n,n,n,n,n,n,p,n
1191ja,弟が熱を出しちゃったから看病してる,n,n,n,n,n,p,n,n
1192ja,寒気はするしだるいし完全に風邪。,n,n,n,n,n,n,n,p
1193ja,鼻水出てる写真やば。,n,n,n,n,n,n,n,n
1194ja,頭痛の苦痛を薬で直そうとするのはやめようよ。,n,n,n,n,p,n,n,n
1195ja,この時期に風邪にかかるなんて最悪だ,n,n,n,n,n,n,n,p
1196ja,センター試験直前なのに、学校内で風邪が流行るなんて大変だなぁ。,n,n,n,n,n,n,n,p
1197ja,頭痛で、頭がぼーっとする。体のだるさと寒気も。完全に風邪だ。,n,n,n,n,p,n,n,p
1198ja,まさか花粉症で微熱まで出るとは,n,n,p,n,n,p,p,n
1199ja,風邪から復活！体調完璧だ！,n,n,n,n,n,n,n,n
1200ja,わざとらしい咳をするなよ,n,n,n,p,n,n,n,n
1201ja,昨日から痰が出てテンションが下がる。,n,n,n,p,n,n,n,n
1202ja,インフルエンザの季節になりました。フォロワーの皆さんはワクチンを打つのを忘れないように！,n,n,n,n,n,n,n,n
1203ja,インフルエンザのワクチンは打ったほうが良いのかな？,n,n,n,n,n,n,n,n
1204ja,痰がひどくて胸にからまる・・・,n,n,n,p,n,n,n,n
1205ja,やばい今日風邪引いたかも、鼻水止まらない。,n,n,n,n,n,n,p,p
1206ja,誰かー、花粉症の良い療法知りませんかー？,n,n,p,n,n,n,p,n
1207ja,寒気するし朝から眠いし風邪っぽい,n,n,n,n,n,n,n,p
1208ja,インフルエンザに友達がかかったから、私も検査しにいかなくちゃ。,p,n,n,n,n,p,n,n
1209ja,春に風が強く吹くと、花粉症もちの自分としてはなんか嫌な感じがする。,n,n,n,n,n,n,n,n
1210ja,熱が流行ってるってテレビでやってたね,n,n,n,n,n,n,n,n
1211ja,東京には熱がこもりやすいから節電しちゃだめ！,n,n,n,n,n,n,n,n
1212ja,花粉症に苦しんでるから、毎年対策を練りに練ってるんだけど今年も負け戦みたい。,n,n,p,n,n,n,p,n
1213ja,最近朝起きた時の頭痛が辛い。,n,n,n,n,p,n,n,n
1214ja,昨日寒いところにずっといたせいか今日は朝から下痢でつらい。,n,p,n,n,n,n,n,n
1215ja,頭痛だが強力な薬を飲みマスクもきつく装着完了し俺はデート行きます。,n,n,n,n,p,n,n,n
1216ja,息子がおたふく風邪にかかって、もう大変！,n,n,n,n,n,n,n,n
1217ja,早く鼻づまり解消されないかな・・・。,n,n,n,n,n,n,p,n
1218ja,花粉症は時間も損してる気がする。,n,n,n,n,n,n,n,n
1219ja,咳がひどい上に痰が混じってきた、明日病院行かなきゃ,n,n,n,p,n,n,n,n
1220ja,うちの娘もまだ微妙に熱があるので明日も休ませる予定です。,n,n,n,n,n,p,n,n
1221ja,熱が下がったので巫女のバイトをしに東京へ行こう。,n,n,n,n,n,n,n,n
1222ja,仕事に熱を入れて頑張ろう。,n,n,n,n,n,n,n,n
1223ja,花粉症対策をそろそろ始めるぜよ。,n,n,n,n,n,n,n,n
1224ja,下痢って英語でなんていうの？,n,n,n,n,n,n,n,n
1225ja,熱が出たのはあのニュースのせいじゃないかなあ。,n,n,n,n,n,p,n,n
1226ja,咳込んで病院行くのゆとりって言われた,n,n,n,p,n,n,n,n
1227ja,咳するだけでも体力使うし、疲れる。,n,n,n,p,n,n,n,n
1228ja,いい翻訳ができないことが頭痛の種だ。,n,n,n,n,n,n,n,n
1229ja,涼しいところに移動して熱を冷まそうよ。,n,n,n,n,n,n,n,n
1230ja,ブログで風邪を引いたことを報告したら、たくさんのコメントを貰えてうれしいです！,n,n,n,n,n,n,n,p
1231ja,花粉症が再発したっぽい。,n,n,p,n,n,n,p,n
1232ja,昨晩から、インフルエンザで高熱です。,p,n,n,n,n,p,n,n
1233ja,下痢を思い出すだけでもう嫌だ。,n,n,n,n,n,n,n,n
1234ja,鼻水が止まらない！頭も痛い！学校休みたいよ！,n,n,n,n,p,n,p,n
1235ja,風邪のため、今は気分、最悪だ。,n,n,n,n,n,n,n,p
1236ja,痰にひどい血が混じっている。,n,n,n,p,n,n,n,n
1237ja,昨年ネパールに旅行したときは、知らずに水道水を直接飲んだせいでめっちゃ下痢になったな。今思い出すと笑いがこみ上げてくる。,n,n,n,n,n,n,n,n
1238ja,我が家は遺伝的にお腹が弱い。祖母もそうだし父もそう。そして自分もよく下痢になる,n,p,n,n,n,n,n,n
1239ja,頭痛ひどいから今日こそ早く帰る！,n,n,n,n,p,n,n,n
1240ja,おたふく風邪まだやってないけど、大丈夫なのかな？,n,n,n,n,n,n,n,n
1241ja,風邪引いたからブログお休みします。,n,n,n,n,n,n,n,p
1242ja,鼻水がすごいんだけど、早くも花粉症かも。,n,n,p,n,n,n,p,n
1243ja,犬が風邪ひいたみたいで鼻水垂らしてる・・・,n,n,n,n,n,n,n,n
1244ja,まさか中国で花粉症になるとは思わなかったな。,n,n,n,n,n,n,n,n
1245ja,風邪を治すのに役立つブログってどれですか。,n,n,n,n,n,n,n,p
1246ja,頭痛がひどくてまじ授業が苦痛だよ,n,n,n,n,p,n,n,n
1247ja,隣に住んでいる人の咳がうるさすぎ,n,n,n,p,n,n,n,n
1248ja,彼の巫女さんへの熱の入れようは問題だよ。誰か携帯のアプリでもいいから指摘してあげればいいのに。,n,n,n,n,n,n,n,n
1249ja,頭痛がひどくて今は音楽聴くのもつらい,n,n,n,n,p,n,n,n
1250ja,最近下痢っぽくてつらい。子供の頃を思い出した。,n,p,n,n,n,n,n,n
1251ja,花粉症への効果ってあるのかな。,n,n,n,n,n,n,n,n
1252ja,娘が熱出して、見事私ももらってしまいました。,n,n,n,n,n,p,n,n
1253ja,マジだるい、頭痛するし今日はもう帰る。やだやだ,n,n,n,n,p,n,n,n
1254ja,弟が熱あるらしくてずっと鼻水すすってる。うるせー。,n,n,n,n,n,p,p,n
1255ja,熱が出たので娘の幼稚園を休ませる。,n,n,n,n,n,p,n,n
1256ja,兄がインフルエンザにかかってしまった。,p,n,n,n,n,p,n,n
1257ja,花粉症で一週間休むなんて久し振りだ。,n,n,p,n,n,n,p,n
1258ja,咳のしすぎで腹筋が鍛えられそう。,n,n,n,p,n,n,n,n
1259ja,頭痛の相手は間違いなく元カレ,n,n,n,n,n,n,n,n
1260ja,鼻水止まらん、無理だわこれ,n,n,n,n,n,n,p,n
1261ja,娘の熱が下がらないから、今日のバーベキューは行けるか微妙,n,n,n,n,n,p,n,n
1262ja,いつの間にかインフルエンザが流行する季節になってしまった。すっかりワクチンを打つのを忘れてた。,n,n,n,n,n,n,n,n
1263ja,咳が出るからエチケットのためマスク着用。,n,n,n,p,n,n,n,n
1264ja,鼻水が奥にたまって頭が痛くなってきた。,n,n,n,n,p,n,p,n
1265ja,今年から花粉症になってしまった・・・まさか私が花粉症にかかるなんて・・・ショック！,n,n,p,n,n,n,p,n
1266ja,テレビのニュース見た所によると今年の風邪は熱がまず出るらしいので皆も注意してね。,n,n,n,n,n,n,n,n
1267ja,インフルになった途端にのどが渇く。,p,n,n,n,n,p,n,n
1268ja,インフルエンザのワクチンって高くない？もっと安く打てる保険体制にしてよ。,n,n,n,n,n,n,n,n
1269ja,生まれてこのかたおたふく風邪になったことがないから怖い。,n,n,n,n,n,n,n,n
1270ja,頭痛はひどいし、鼻水は止まらないし、今日は最悪の一日だわ。,n,n,n,n,p,n,p,n
1271ja,頭痛、苦痛で衝突交通事故おきちゃったよ。,n,n,n,n,p,n,n,n
1272ja,最近寒いから朝早くお腹痛くて起きちゃうんだけど、今日下痢がひどくてもはや仕事休みたい。,n,p,n,n,n,n,n,n
1273ja,インフルで外出禁止になっちゃった,p,n,n,n,n,p,n,n
1274ja,丼の大食い大会、次の日下痢した,n,n,n,n,n,n,n,n
1275ja,来春は花粉症が和らぐといいなあ。,n,n,n,n,n,n,n,n
1276ja,鼻づまり解消ブログ書いたから読んでくれると嬉しい,n,n,n,n,n,n,n,n
1277ja,なぜかこの季節になると熱出すんだよね・・・。,n,n,n,n,n,p,n,n
1278ja,うちの高校のサッカー部が集団で下痢になるっていう,n,p,n,n,n,n,n,n
1279ja,やっと鼻水止まるわ。,n,n,n,n,n,n,p,n
1280ja,来春は檜の花粉がたくさん飛ぶそうだ。花粉症の僕は今から憂鬱だ。,n,n,n,n,n,n,n,n
1281ja,だるいし、頭痛だし、早く帰宅したい。,n,n,n,n,p,n,n,n
1282ja,咳の対策にはうがいが必要だよね。,n,n,n,n,n,n,n,n
1283ja,頭痛で医師から薬をもらう。,n,n,n,n,p,n,n,n
1284ja,花粉症に効果があると言うものは、全部試したけど。,n,n,p,n,n,n,p,n
1285ja,嫁が熱を出したから仕事休む！,n,n,n,n,n,p,n,n
1286ja,最悪だ、完璧に風邪ひいた。頭ぼーっとしてる。,n,n,n,n,n,n,n,p
1287ja,インフルかかったよし部活サボれる,p,n,n,n,n,p,n,n
1288ja,翻訳の仕事のためヘッドホンを装着して音楽を聴いてたら頭痛がひどい。,n,n,n,n,n,n,n,n
1289ja,三日くらい放置した肉丼食べたら下痢起こした,n,p,n,n,n,n,n,n
1290ja,スペイン風邪ってどんなの？,n,n,n,n,n,n,n,n
1291ja,最近、やばい、下痢なんだけど・・・。,n,p,n,n,n,n,n,n
1292ja,鼻づまりがひどくて原稿読むの無理だな・・・,n,n,n,n,n,n,p,n
1293ja,風邪で頭がぼーっとして、テスト微妙,n,n,n,n,n,n,n,p
1294ja,熱だけでなく鼻水も出てきたよ,n,n,n,n,n,p,p,n
1295ja,犬の鼻水写真なんて、大好きすぎて耐えるの無理だ。,n,n,n,n,n,n,n,n
1296ja,毒性の強い魚を食べてひどく下痢をした。,n,p,n,n,n,n,n,n
1297ja,最近平気だったんだけど今年は花粉症再発してる。擦って目が痛くなるまでひどいの久し振りだー。,n,n,p,n,n,n,p,n
1298ja,集団食中毒で下痢になったー。,n,p,n,n,n,n,n,n
1299ja,お腹を冷やして下痢になった。,n,p,n,n,n,n,n,n
1300ja,さっき頭痛がしたので帰ることにします。,n,n,n,n,p,n,n,n
1301ja,インフルで部活休み。,p,n,n,n,n,p,n,n
1302ja,長引く頭痛は苦痛以外の何ものでもない,n,n,n,n,p,n,n,n
1303ja,熱と鼻水が出ると完全に風邪になったと思う。,n,n,n,n,n,p,p,p
1304ja,来春こそ、花粉症対策のために病院で注射をしてもらわなければ。,n,n,n,n,n,n,n,n
1305ja,病院行って診てもらったら、痰はむしろちゃんと吐いた方がいいっぽい。俺いままでずっと飲んでた・・・,n,n,n,p,n,n,n,n
1306ja,鼻水はさすがにブログにアップできないだろう。,n,n,n,n,n,n,p,n
1307ja,今度の風邪は下痢を伴うと祖母が言ってた,n,n,n,n,n,n,n,n
1308ja,集団で下痢を起こすと食中毒が疑われる。,n,n,n,n,n,n,n,n
1309ja,この咳止め飲むとすぐ痰治まるから、マジおすすめ,n,n,n,p,n,n,n,n
1310ja,おたふく風邪って大人がかかると大変なやつよね,n,n,n,n,n,n,n,n
1311ja,鳥インフルにインフルエンザのワクチンが有効か調べる。,n,n,n,n,n,n,n,n
1312ja,なんかインフル流行ってるけど、鳥も季節で流行るのかな？まだワクチンできてないから殺処分？もう結構話題になってから経ってるのに、めっちゃ御粗末だよねー。,n,n,n,n,n,n,n,n
1313ja,弟が熱で学校休んでて羨ましい。,n,n,n,n,n,p,n,n
1314ja,今回の風邪、熱出るの遅いな。,n,n,n,n,n,n,n,p
1315ja,兄がインフルエンザになったっぽくて部活休んでるんだけど、昨日は背中痛いって言ってたのに今日は回復して超元気そうー。,n,n,n,n,n,n,n,n
1316ja,熱があるのに仕事に行かなきゃいけない社畜は辛い。取り敢えず今日を乗り越えたらゆっくり眠れるし、頑張ろう。,n,n,n,n,n,p,n,n
1317ja,インフルっぽい症状だから検査したらばっちりインフルだった。,p,n,n,n,n,p,n,n
1318ja,経験したことのない下痢でもう笑うしかない。何か変なもの食べたかな。,n,p,n,n,n,n,n,n
1319ja,高熱のあと、咳が続いて辛さの極み。ついでに血混じりの痰が出る。,n,n,n,p,n,p,n,n
1320ja,今年は花粉症患者が例年より少ない気がする。,n,n,n,n,n,n,n,n
1321ja,ただの下痢だと思ってたら違うみたい。,n,p,n,n,n,n,n,n
1322ja,熱だけど、特に問題なし,n,n,n,n,n,p,n,n
1323ja,咳、のど、風邪に症状！そして、高熱,n,n,n,p,n,p,n,p
1324ja,ネパールのサッカー選手が下痢の症状を訴えた。,n,n,n,n,n,n,n,n
1325ja,咳込みすぎて胸が痛い,n,n,n,p,n,n,n,n
1326ja,インフルエンザ予防接種は、事故があるというよ。,n,n,n,n,n,n,n,n
1327ja,弟は謎の熱出してまだ学校休んでるわ。正直、うらやましい。,n,n,n,n,n,p,n,n
1328ja,近所の奥様方の声がうるさすぎて、頭痛になって、この家きつすぎる。,n,n,n,n,n,n,n,n
1329ja,英語の試験の前に急にお腹が痛くなった。あわててトイレに駆け込んだら下痢だった。家に帰って祖母におかゆを作ってもらった。,n,p,n,n,n,n,n,n
1330ja,最近疲れると咳がとまらないし、胸も痛い。大丈夫かな？,n,n,n,p,n,n,n,n
1331ja,科学の力で今の俺のわたしの風邪を誰かに移せる技術が開発されないかなあ。,n,n,n,n,n,n,n,p
1332ja,娘の熱が下がらない、リンパも腫れてるし明日も学校休むかな。,n,n,n,n,n,p,n,n
1333ja,花粉症つらすぎ。来春は檜花粉は少ないっていうけど対策はしないと。,n,n,p,n,n,n,p,n
1334ja,ネパール人て下痢なる？,n,n,n,n,n,n,n,n
1335ja,今風邪ひいたら大変だー。,n,n,n,n,n,n,n,n
1336ja,翻訳してたけど、頭痛をうまく訳せなーい。,n,n,n,n,n,n,n,n
1337ja,だるい。頭痛する。また寝る。,n,n,n,n,p,n,n,n
1338ja,花粉症再発、こんなつらいの久し振りだ,n,n,p,n,n,n,p,n
1339ja,嫁が熱のため今日のお弁当無しです。残念だな,n,n,n,n,n,p,n,n
1340ja,お兄ちゃんがインフルエンザになっちゃった。爆笑。,p,n,n,n,n,p,n,n
1341ja,風邪でだるいし、今日行けるか微妙だな。,n,n,n,n,n,n,n,p
1342ja,おたふく風邪って相当痛いらしいね。,n,n,n,n,n,n,n,n
1343ja,からだだるい。本格的に風邪だ。ぼっーとするからあまりツイートできなくてごめんね。,n,n,n,n,n,n,n,p
1344ja,体調が今一だ。これだけ風邪が治らないと参るなあ。病院いくかな。,n,n,n,n,n,n,n,p
1345ja,今日も下痢です仕事行きたくないです,n,p,n,n,n,n,n,n
1346ja,昨晩からインフルで寝込んでる,p,n,n,n,n,p,n,n
1347ja,昨日から咳が止まらない。,n,n,n,p,n,n,n,n
1348ja,来春は檜の花粉少ないらしいから花粉症も楽かなと思って対策全然してない。,n,n,n,n,n,n,n,n
1349ja,なぜかクラシックを聴くと頭痛が和らぐんだけど俺だけ？,n,n,n,n,p,n,n,n
1350ja,風邪の時、解熱剤を飲んでよいのか？,n,n,n,n,n,n,n,p
1351ja,犬がでてくる物語が好きすぎて、どうしても感動してしまう。このシーンとか無理だ、鼻水がとまらないよ。,n,n,n,n,n,n,n,n
1352ja,昨晩熱をはかったときは３６度だったが、今日はかったら３８度で、まだインフル治ってないっぽい。,p,n,n,n,n,p,n,n
1353ja,やばい、鼻水が止まらない。,n,n,n,n,n,n,p,n
1354ja,集団で下痢だってさ、怖いわ,n,n,n,n,n,n,n,n
1355ja,頭痛の症状軽いから大会出ようかな。,n,n,n,n,p,n,n,n
1356ja,大変だ、この強い関節の痛みと怠さは尋常じゃないって言うもんだから、病院に付き添いで行ったらただの風邪だったらしい。君の気まずそうな顔見ると笑っちゃいそう。,n,n,n,n,n,n,n,p
1357ja,だるいし寒気がするし風邪っぽいー,n,n,n,n,n,n,n,p
1358ja,祖母の家で食べた丼が当たって下痢。,n,p,n,n,n,n,n,n
1359ja,まさか私も花粉症デビュー・・・,n,n,p,n,n,n,p,n
1360ja,君がスペイン行ってる間、俺は風邪ひいてたけどな！,n,n,n,n,n,n,n,n
1361ja,咳をし過ぎると胸と腹筋の辺りにひどい痛みが出るっぽい。,n,n,n,p,n,n,n,n
1362ja,朝から鼻水が止まる気配がなくて困る。,n,n,n,n,n,n,p,n
1363ja,鼻づまり解消する薬求む。,n,n,n,n,n,n,p,n
1364ja,英語で下痢ってなんて言うんだろ,n,n,n,n,n,n,n,n
1365ja,妻が花粉症らしいが、まさか微熱が出る事もあるとは思わなかった。体が過剰反応して疲れてしまうらしい。,n,n,p,n,n,p,p,n
1366ja,鼻水の問題を何とか解消せねば。,n,n,n,n,n,n,p,n
1367ja,風邪でだるいしぼーっとするし最悪,n,n,n,n,n,n,n,p
1368ja,部活でインフルエンザ流行ってるから気をつけなきゃ。,p,n,n,n,n,p,n,n
1369ja,くしゃみが止まらない。まさかこれが花粉症？,n,n,p,n,n,n,p,n
1370ja,このタイミングで風邪かよー、マジ最悪だな,n,n,n,n,n,n,n,p
1371ja,下痢になっていたことを思い出した。,n,n,n,n,n,n,n,n
1372ja,こんな激しい頭痛は久し振りだぜ,n,n,n,n,p,n,n,n
1373ja,スペイン風邪とおたふくって、どっちもウイルスが原因らしい。特にスペイン風邪って、強い猛威を奮った病気らしいから、流行したら大変だろうな。,n,n,n,n,n,n,n,n
1374ja,花粉症対策何がオススメ？,n,n,n,n,n,n,n,n
1375ja,花粉症の薬を処方してもらった！！,n,n,p,n,n,n,p,n
1376ja,来春は花粉が少ないみたいだから、花粉症の患者さんは助かるね。,n,n,n,n,n,n,n,n
1377ja,鼻水垂れてる姿を見られて、嬉しい人はいないだろう,n,n,n,n,n,n,p,n
1378ja,朝から頭痛で今日はもうだめです。,n,n,n,n,p,n,n,n
1379ja,テレビのニュースでも東京では熱が出ても休む人は少ないって言っていた。,n,n,n,n,n,n,n,n
1380ja,咳がひどすぎて頭がぼーっとする。,n,n,n,p,n,n,n,n
1381ja,ずっとお腹がいたいから下痢かもしれない。,n,p,n,n,n,n,n,n
1382ja,やばい、頭痛、早く帰宅して、寝るべし。,n,n,n,n,p,n,n,n
1383ja,妻が風邪っぽいって言ってた心配して病院行ったら花粉症だった、ついに夫婦揃って花粉症デビューか。,n,n,p,n,n,n,p,p
1384ja,遂に花粉症が再発しちゃったよ。かなり久し振りだなあ。,n,n,p,n,n,n,p,n
1385ja,熱は下がったけど、咳が止まる気配が一向に無い。,n,n,n,p,n,n,n,n
1386ja,下痢と言えば思い出すエピソードがあるよ。,n,n,n,n,n,n,n,n
1387ja,直ぐに治る風邪薬、誰か開発して。,n,n,n,n,n,n,n,p
1388ja,犬が鼻水垂らしてて吹いた,n,n,n,n,n,n,n,n
1389ja,弟のお腹が微妙な熱を持っており、謎すぎる。,n,p,n,n,n,p,n,n
1390ja,下痢でサッカー休むなんてださいね。,n,p,n,n,n,n,n,n
1391ja,熱もまだ残ってるし鼻水も出続ける。今日も仕事を休むしかないか。,n,n,n,n,n,p,p,n
1392ja,僕はいつも咳の症状が出てから高熱が出る,n,n,n,p,n,p,n,n
1393ja,風邪のせいで頭がぼーっとしている。,n,n,n,n,n,n,n,p
1394ja,スペイン旅行で風邪をもらってきたっぽい,n,n,n,n,n,n,n,p
1395ja,東京のアスファルトから上がる熱は耐えられない。,n,n,n,n,n,n,n,n
1396ja,咳がいつ止まるのか不安。,n,n,n,p,n,n,n,n
1397ja,花粉症に悩まされるのも久し振りだ。,n,n,p,n,n,n,p,n
1398ja,普通咳止め薬を飲むと咳は止まる。でも今回は酷い咳なので、効くかどうかはちょっと微妙だ。,n,n,n,p,n,n,n,n
1399ja,鼻水夜になってやっと止まったよ。,n,n,n,n,n,n,p,n
1400ja,風邪の症状も引き、鼻水も止んだ。なんか、いい感じだな。,n,n,n,n,n,n,n,n
1401ja,今日は涼しいのに、熱のせいか体がめっちゃ熱い。,n,n,n,n,n,p,n,n
1402ja,風邪で頭がぼーっとする。,n,n,n,n,n,n,n,p
1403ja,インフルエンザになって部活が休みになったよー。,p,n,n,n,n,p,n,n
1404ja,一番効果がある花粉症対策教えて！,n,n,p,n,n,n,p,n
1405ja,下痢になって去年ネパール行ったの思い出した,n,p,n,n,n,n,n,n
1406ja,咳するときは手でおさえるのがエチケットでしょう。,n,n,n,p,n,n,n,n
1407ja,この熱って感染と関係ないといいけど。,n,n,n,n,n,p,n,n
1408ja,熱が出てるけど、コンペあるからまだ休むわけにはいかない。,n,n,n,n,n,p,n,n
1409ja,ちょっと下痢気味だけど大丈夫だよね？,n,p,n,n,n,n,n,n
1410ja,頭痛もするし、寒気もするし。どうやら風邪ひいたみたい。,n,n,n,n,p,n,n,p
1411ja,咳がひどいので疲れる。,n,n,n,p,n,n,n,n
1412ja,ところで頭痛がひどいんですけど誰か助けて,n,n,n,n,p,n,n,n
1413ja,風邪ひいてて解熱剤飲んだんだけど効かねー。,n,n,n,n,n,n,n,p
1414ja,帰宅、風呂からの頭痛、だるい。さっさと寝る,n,n,n,n,p,n,n,n
1415ja,咳しすぎて腹筋が死んだ,n,n,n,p,n,n,n,n
1416ja,アトピーの療法は花粉症にも効果あるらしいよ,n,n,n,n,n,n,n,n
1417ja,風邪のひき始めっぽいから休めるうちに休んどこう。,n,n,n,n,n,n,n,p
1418ja,いくら美人でも鼻水とか体液は生理的に無理だ,n,n,n,n,n,n,n,n
1419ja,熱は下がったけどなかなか咳が治らない。,n,n,n,p,n,p,n,n
1420ja,携帯使いすぎて熱帯びすぎ・・・やけどしそう。,n,n,n,n,n,n,n,n
1421ja,ニュースで見たデング熱、怖すぎる,n,n,n,n,n,n,n,n
1422ja,握手した人がインフルになったんだけど、移るのかな？,p,n,n,n,n,p,n,n
1423ja,花粉症で微熱？まじか？,n,n,p,n,n,p,p,n
1424ja,知ってる人少ないかもだけど、秋にも花粉症あるから！,n,n,n,n,n,n,n,n
1425ja,咳がひどすぎて何もできない。,n,n,n,p,n,n,n,n
1426ja,鳥インフルエンザって、海外から来るらしいよ。,n,n,n,n,n,n,n,n
1427ja,下痢って英語でなんて言うの。今お腹下し中ー。,n,p,n,n,n,n,n,n
1428ja,皆の花粉症対策教えてください。,n,n,n,n,n,n,n,n
1429ja,この季節、中国では鳥インフルエンザが流行しているらしいね・・・,n,n,n,n,n,n,n,n
1430ja,大事な会議を控えているのに朝から頭痛だ。,n,n,n,n,p,n,n,n
1431ja,妻が花粉症でつらそう。,n,n,p,n,n,n,p,n
1432ja,弟から風邪うつされた、熱が出てリンパも腫れた。,n,n,n,n,n,p,n,p
1433ja,インフルエンザのワクチンなら打ってきた。,n,n,n,n,n,n,n,n
1434ja,インフルエンザの多さに危機感を感じます。,p,n,n,n,n,p,n,n
1435ja,熱でてお腹も痛い。休むわ,n,p,n,n,n,p,n,n
1436ja,皆さん、花粉症対策って何をしてます？,n,n,p,n,n,n,p,n
1437ja,熱が出て首の辺りが腫れてる。,n,n,n,n,n,p,n,n
1438ja,熱あるけどまだ休むかは微妙だ。,n,n,n,n,n,p,n,n
1439ja,インフルが治ってやっと外出できる！,n,n,n,n,n,n,n,n
1440ja,まとめブログで紹介されてた風邪に効果がある解熱剤買ったわ。最新科学の成果で開発されたらしい。,n,n,n,n,n,n,n,p
1441ja,ひどいときは熱が下がっても咳は一週間以上止まらないんだよね,n,n,n,n,n,n,n,n
1442ja,頭痛のときに仕事をするのはきついから、早めに対策を取っておくことが必要だ。,n,n,n,n,p,n,n,n
1443ja,犬と戯れると毎回鼻づまりになるのをなんとかしたい。,n,n,n,n,n,n,p,n
1444ja,道端で痰を吐き出す人が多いけど、ちゃんとエチケットを守って欲しい。,n,n,n,p,n,n,n,n
1445ja,風邪で高熱が出てて咳が止まらん。辛い。,n,n,n,p,n,p,n,p
1446ja,花粉症に効果ある酒とかないですかね,n,n,p,n,n,n,p,n
1447ja,アトピーの人って花粉症もあるって人が多いらしいね。私は秋もつらいよ。,n,n,n,n,n,n,n,n
1448ja,祖母が作ったそぼろ丼のせいで下痢になってしまった。,n,p,n,n,n,n,n,n
1449ja,朝起きると頭痛がするし、体がだるい。そのうち激しい節々の痛みが出てきた。これはもしかしたらインフル？結構やばいかも。,n,n,n,n,p,n,n,n
1450ja,下痢の医学用語を教えてください！至急！,n,n,n,n,n,n,n,n
1451ja,今日は風邪気味や。鼻水止まらん。,n,n,n,n,n,n,p,p
1452ja,寒気すると思ったら完全に風邪ひいたわ。,n,n,n,n,n,n,n,p
1453ja,ニュースで涼しい季節は感染症にかかりやすいって言ってた。いきなり高い熱がでるのがサインらしい。,n,n,n,n,n,n,n,n
1454ja,こんなに遅い時間なのに、地面が熱を持っている。,n,n,n,n,n,n,n,n
1455ja,明後日スペイン旅行なのに風邪引いた。やばい！,n,n,n,n,n,n,n,p
1456ja,少ない熱であれば問題ないという勝手な自己判断が正しいのか。,n,n,n,n,n,p,n,n
1457ja,頭痛以外の症状はありません。,n,n,n,n,p,n,n,n
1458ja,誰か花粉症対策を教えて！,n,n,p,n,n,n,p,n
1459ja,頭痛がしてたから相手の話ちゃんと聞いてなかった・・・。,n,n,n,n,p,n,n,n
1460ja,一日中涼しい通り越して寒い場所にいたら熱が上がった。,n,n,n,n,n,p,n,n
1461ja,鼻づまりやばい。今日中になんとかならないかな,n,n,n,n,n,n,p,n
1462ja,頭痛がやばいから、今日は風呂入らずに早めに寝る！,n,n,n,n,p,n,n,n
1463ja,痰が混じると厄介なんだよなー,n,n,n,p,n,n,n,n
1464ja,咳をするたびに腹筋が痛いよ。,n,n,n,p,n,n,n,n
1465ja,彼の相手してると頭痛がしてくる。,n,n,n,n,n,n,n,n
1466ja,３歳の娘が風邪だが、おたふくじゃないかと不安。,n,n,n,n,n,n,n,p
1467ja,難しい宇宙の話を聞くと頭痛がする。分かりやすい言葉に翻訳してほしい・・・,n,n,n,n,n,n,n,n
1468ja,鼻水かみすぎて中耳炎だ。,n,n,n,n,n,n,p,n
1469ja,今年からまさかの花粉症の仲間入り、よろしくない,n,n,p,n,n,n,p,n
1470ja,どうやら鳥インフルエンザが流行っているらしい。,n,n,n,n,n,n,n,n
1471ja,鼻風邪くらいなら薬いらねー,n,n,n,n,n,n,p,p
1472ja,朝頭痛がしてやばかった,n,n,n,n,p,n,n,n
1473ja,わざとらしい咳をしないでほしいな。,n,n,n,p,n,n,n,n
1474ja,咳き込み過ぎて腹筋痛い。,n,n,n,p,n,n,n,n
1475ja,相手が話が通じない人で同じこと３回くらい繰り返しても全然理解してくれないし、本当に頭痛がした。あんな宇宙人みたいな人いるんだね,n,n,n,n,n,n,n,n
1476ja,花粉症対策、マスクと眼鏡だけは必ずやってる。,n,n,p,n,n,n,p,n
1477ja,すごくだるくて頭がぼーっとするのだけれど、風邪だろうか？,n,n,n,n,n,n,n,p
1478ja,風邪だと思ってたら、まさかの花粉症の診断。,n,n,p,n,n,n,p,p
1479ja,頭痛がひどいのに大音量で音楽なんて聴くんじゃなかった。,n,n,n,n,p,n,n,n
1480ja,風邪気味なのでとりあえず解熱剤を飲んだ。,n,n,n,n,n,n,n,p
1481ja,だるいし熱っぽい。でも風邪だったら会社休めるかも。,n,n,n,n,n,p,n,p
1482ja,熱が出て会えないから携帯で話そうか？,n,n,n,n,n,p,n,n
1483ja,ちょっと最近下痢気味なんですけど。,n,p,n,n,n,n,n,n
1484ja,熱あるみたいなので涼しいところへ行こう,n,n,n,n,n,p,n,n
1485ja,定期的にくる頭痛。ほんとに苦痛なんだが,n,n,n,n,p,n,n,n
1486ja,あまりにも咳がひどくてわざとらしい咳だと言われたがこちらは高熱で大変なのです。,n,n,n,p,n,p,n,n
1487ja,ひどい咳は治まったがまだ頭が痛い。,n,n,n,p,p,n,n,n
1488ja,頭痛以外は体調いいんだけどなー,n,n,n,n,p,n,n,n
1489ja,秋なのに花粉症がひどいんだけど・・・。,n,n,p,n,n,n,p,n
1490ja,寒気がするのは風邪の初期症状っぽい。,n,n,n,n,n,n,n,p
1491ja,鼻づまりはなんか風邪みたいで頭痛もしてきた。,n,n,n,n,p,n,p,p
1492ja,以外と頭痛が痛いぞー,n,n,n,n,p,n,n,n
1493ja,熱が４０度まであがってきた。今思うとどこで感染したんだろう？,n,n,n,n,n,p,n,n
1494ja,風邪ひいて頭痛・鼻水・咳をすべて発症した。,n,n,n,p,p,n,p,p
1495ja,鼻づまりがひどすぎて頭痛がする。,n,n,n,n,p,n,p,n
1496ja,ようやく鼻づまりが解消して嬉しい。,n,n,n,n,n,n,n,n
1497ja,風邪ひいちゃったから、行けるかどうか微妙だな。,n,n,n,n,n,n,n,p
1498ja,中国ではまだ鳥インフルエンザが猛威を奮ってるらしいし、今が季節だしより一層気をつけないとね。,n,n,n,n,n,n,n,n
1499ja,風邪は、すべての病気の原因です。,n,n,n,n,n,n,n,n
1500ja,痰がからみやすいからエチケットとしてティッシュを持ち歩いてるんだけど、消費量が最近多い。,n,n,n,p,n,n,n,n
1501ja,最悪だ。風邪ひいた。寒気と頭痛、だるいし。ぼーっとするし。明日休めるかな。,n,n,n,n,p,n,n,p
1502ja,まだ花粉症じゃないけど、いつなるか分からないし対策だけはしておこう。,n,n,n,n,n,n,n,n
1503ja,最悪だ。まさか今日に限って風邪を引くなんて。,n,n,n,n,n,n,n,p
1504ja,痰がひどいからって薬飲み過ぎるなよ,n,n,n,p,n,n,n,n
1505ja,犬も鼻づまりになるのかな。,n,n,n,n,n,n,n,n
1506ja,兄ちゃんのせいでインフルうつった。,p,n,n,n,n,p,n,n
1507ja,花粉症対策の薬や治療法が増えてるけど本当に効くのかな？,n,n,n,n,n,n,n,n
1508ja,頭痛以外はどこも具合悪いところないのにな。,n,n,n,n,p,n,n,n
1509ja,朝起きるとやばいくらいの激しい頭痛がして、身体もだるい。こんなの久し振りだよ。,n,n,n,n,p,n,n,n
1510ja,科学が発展しても風邪は防げないのか,n,n,n,n,n,n,n,n
1511ja,朝から頭痛が治らないので、早めに帰宅。風呂入って早く寝よう。,n,n,n,n,p,n,n,n
1512ja,下痢になっちゃって最近具合が悪いよー。,n,p,n,n,n,n,n,n
1513ja,風邪のやつの相手してたら、病気になった,n,n,n,n,n,n,n,p
1514ja,うがい手洗いして咳や喉の痛みを治したい。,n,n,n,p,n,n,n,n
1515ja,ブログに鼻づまり対処法が載ってたよ,n,n,n,n,n,n,p,n
1516ja,頭痛が酷いので帰らせていただきます。,n,n,n,n,p,n,n,n
1517ja,久しぶりに家族で外出して海老フライ定食を食べた。とってもおいしかった！インフルになって寝込んでいた母もすっかり回復して本当に良かった。,n,n,n,n,n,n,n,n
1518ja,昨日見た洋画で出てきた東京のシーン、描写がめちゃくちゃで思わず鼻水吹きだした。あれはさすがに笑いをこらえるのは無理だわ。,n,n,n,n,n,n,n,n
1519ja,インフルの季節は気をつけねば,n,n,n,n,n,n,n,n
1520ja,巫女さんを見るとテンションが上がりすぎて熱がでる。,n,n,n,n,n,n,n,n
1521ja,風邪は治ったはずなのに、鼻水だけまだ出続けてる。これって花粉症？,n,n,p,n,n,n,p,n
1522ja,今年はインフルやばいらしいから、ワクチンはしっかりやっとけよー,n,n,n,n,n,n,n,n
1523ja,まだ熱が下がりません！,n,n,n,n,n,p,n,n
1524ja,病院行ったらインフルエンザだった。咳しすぎて背中が痛いよ。,p,n,n,p,n,p,n,n
1525ja,朝から頭痛がやばいから帰宅するわ,n,n,n,n,p,n,n,n
1526ja,昨日から頭痛が酷くなってきている。早退して今夜は早めに寝るか。,n,n,n,n,p,n,n,n
1527ja,熱あるけど夫の弁当つくんなきゃ,n,n,n,n,n,p,n,n
1528ja,鼻づまりひどくて薬飲んだら喉が乾きすぎる。,n,n,n,n,n,n,p,n
1529ja,咳止めの薬飲まないと！,n,n,n,p,n,n,n,n
1530ja,おたふく風邪って、風邪なの？,n,n,n,n,n,n,n,n
1531ja,鼻づまりを解消する方法だれか教えて。,n,n,n,n,n,n,p,n
1532ja,ソロソロ頭痛さんは帰宅する時間でないか？,n,n,n,n,p,n,n,n
1533ja,下痢が止まらなすぎて爆笑してる。,n,p,n,n,n,n,n,n
1534ja,携帯はケースに入れると熱をもってしまうらしいよ。,n,n,n,n,n,n,n,n
1535ja,頭痛は突発的に起こるから対策が取りづらくてよりキツイんだよね。,n,n,n,n,p,n,n,n
1536ja,あー昨晩から体調悪いと思ってたらインフルだった、、,p,n,n,n,n,p,n,n
1537ja,鼻水が止まる薬がほしい。,n,n,n,n,n,n,p,n
1538ja,最近、インフルが流行っているようだ。危機管理をしっかりしよう。,n,n,n,n,n,n,n,n
1539ja,ニュースで今年は熱を出す人が多いと言ってたね。,n,n,n,n,n,n,n,n
1540ja,体調が悪すぎて、咳が止まる気がしない。,n,n,n,p,n,n,n,n
1541ja,今日の頭痛は本当にきついから薬が必要だ,n,n,n,n,p,n,n,n
1542ja,涼しい目をした巫女に熱を計ってほしい。,n,n,n,n,n,n,n,n
1543ja,今年一番のひどい咳・痰だなー,n,n,n,p,n,n,n,n
1544ja,君は昨日風邪だと言っていたけど、元気そうな姿をブログにアップしていたよね。,n,n,n,n,n,n,n,p
1545ja,田中君が風邪をひいて何日も学校を休んでいる。普段病気に強い彼なのに珍しいな。,n,n,n,n,n,n,n,p
1546ja,鼻風邪引いた。家に引きこもって本読むわ。,n,n,n,n,n,n,p,p
1547ja,来春の花粉症はあまりひどくないらしい。,n,n,n,n,n,n,n,n
1548ja,朝から頭痛がやばいから風呂に入って寝る事にする。,n,n,n,n,p,n,n,n
1549ja,起きると下痢がやばいと思って駆け出したよ、、,n,p,n,n,n,n,n,n
1550ja,咳をしすぎると疲れるし、頭も痛くなってきたっぽいんだよね。全然治まらないし、最悪。,n,n,n,p,p,n,n,n
1551ja,インフルにかかるとかなり喉が渇くって言ってた,n,n,n,n,n,n,n,n
1552ja,ゆとりは咳するときのエチケットも知らないからゆとりだ,n,n,n,p,n,n,n,n
1553ja,だるいし、疲れたし、頭痛もしてて仕事行きたくない。,n,n,n,n,p,n,n,n
1554ja,インフルエンザで手術になることとかあるの？,n,n,n,n,n,n,n,n
1555ja,朝から頭痛ひどかったのにお風呂はいったら寒気してきた。やばい、寝る。,n,n,n,n,p,n,n,n
1556ja,風邪引いて鼻水止まらん。今日一日のティッシュ使用量まじやばい。,n,n,n,n,n,n,p,p
1557ja,インフルエンザって鳥から感染するのかよ,n,n,n,n,n,n,n,n
1558ja,この薬は、花粉症に効果があります。,n,n,n,n,n,n,n,n
1559ja,やたらと咳が出るのは大事だよね。,n,n,n,p,n,n,n,n
1560ja,インフルエンザのワクチンが足りてないらしいぞ。,n,n,n,n,n,n,n,n
1561ja,犬も鼻風邪になっちゃうなんてびっくり！,n,n,n,n,n,n,n,n
1562ja,熱があるときって、いくらでも眠れるな。,n,n,n,n,n,p,n,n
1563ja,昨日いっぱい薬飲んだのに、今日も鼻水とまんねえええええ,n,n,n,n,n,n,p,n
1564ja,昨日食べた丼に入っていたカキにあたったらしく、祖母が下痢で大変そうです。,n,p,n,n,n,n,n,n
1565ja,軽い頭痛がするので今日は早く寝ます。,n,n,n,n,p,n,n,n
1566ja,遂にわたしも花粉症になってしまった。,n,n,p,n,n,n,p,n
1567ja,サッカーの試合中に下痢の症状でたことあったけな。,n,n,n,n,n,n,n,n
1568ja,妻が花粉症らしくひっきりなしに鼻をかんでいるが、微熱もあるようで風邪だろと諭すも、まさか、と一言。相変わらず強がりだな。,n,n,p,n,n,p,p,p
1569ja,熱出たから今日は休むー,n,n,n,n,n,p,n,n
1570ja,寒いからか最近下痢が酷すぎる。,n,p,n,n,n,n,n,n
1571ja,夜遅くなってだんだん熱上がってきた。,n,n,n,n,n,p,n,n
1572ja,今年の季節風邪のパターンは胃腸風邪と熱のダブルパンチらしいよ。,n,n,n,n,n,n,n,n
1573ja,頭痛で本当に仕事するのが苦痛じゃー。,n,n,n,n,p,n,n,n
1574ja,花粉症に来春には植物に近づかないようにしよう。,n,n,n,n,n,n,n,n
1575ja,まだ熱が下がらないから今日も仕事休むわ。,n,n,n,n,n,p,n,n
1576ja,早くも花粉症シーズンかあ、頼む、過ぎ去れー,n,n,p,n,n,n,p,n
1577ja,花粉症って秋の方がつらい気がする。,n,n,n,n,n,n,n,n
1578ja,仕事中もずっと下痢で、ちょっとのつもりが十分以上もトイレに篭っちゃったし。,n,p,n,n,n,n,n,n
1579ja,おたふく風邪って大変なの？大人がかかった場合。どうぞどなたか教えてください。,n,n,n,n,n,n,n,n
1580ja,わざとらしい咳をするのはエチケットとしてどうかと思うんだけど。,n,n,n,p,n,n,n,n
1581ja,寒気がして体がだるいのは風邪に違いない。,n,n,n,n,n,n,n,p
1582ja,昨日も下痢、今日も下痢、何時も下痢,n,p,n,n,n,n,n,n
1583ja,下痢気味で電車に乗るのはマジで笑えない。下痢止め使うわ,n,p,n,n,n,n,n,n
1584ja,咳、痰を抑えることが大事だし必要だ。,n,n,n,p,n,n,n,n
1585ja,インフルのワクチン打ったよ,n,n,n,n,n,n,n,n
1586ja,遂に花粉症の季節がやってきた,n,n,n,n,n,n,n,n
1587ja,ただの風邪かと思っていたらおたふくだった！,n,n,n,n,n,n,n,n
1588ja,鼻水が止まらなくてお腹も調子が悪い。これで熱も出てきたら週末の旅行は行けるのか微妙だ。,n,p,n,n,n,n,p,n
1589ja,咳のしすぎで腹筋割れそう。疲れる。,n,n,n,p,n,n,n,n
1590ja,頭痛対策にちゃんと薬飲もう。,n,n,n,n,p,n,n,n
1591ja,早くも花粉症の症状が！,n,n,p,n,n,n,p,n
1592ja,弟が、鼻水ひどくて熱出てお腹痛いっていうから風邪かと思ったら、発疹が出てきた。謎だ。,n,p,n,n,n,p,p,p
1593ja,頭痛かなりやばい。とりあえず寝るおやすみ。,n,n,n,n,p,n,n,n
1594ja,感動的な犬ブログを読んでしまい、涙と鼻水が止まらない。,n,n,n,n,n,n,n,n
1595ja,ブログに鼻水ひどいって書いてあった。,n,n,n,n,n,n,n,n
1596ja,インフルにかかった奴にお土産渡す,p,n,n,n,n,p,n,n
1597ja,携帯を触ったらびっくりするほど熱もってて、焦った。,n,n,n,n,n,n,n,n
1598ja,弟は、鼻水に熱。嫁は熱とお腹くだし。最悪だ！,n,p,n,n,n,p,p,n
1599ja,一日中頭痛がひどくてきつい,n,n,n,n,p,n,n,n
1600ja,早くも花粉症にやられて本当に疲れる。,n,n,p,n,n,n,p,n
1601ja,犬と戯れてたら鼻水が出てきたぜ,n,n,n,n,n,n,p,n
1602ja,友達はワクチン注射をしたのにインフルエンザにかかったらしい。,n,n,n,n,n,p,n,n
1603ja,朝起きるとお腹痛くてトイレ行ったら下痢だった,n,p,n,n,n,n,n,n
1604ja,来春は檜花粉が多いらしい。花粉症には辛いなー。,n,n,n,n,n,n,n,n
1605ja,やばいお腹痛い、下痢かも。,n,p,n,n,n,n,n,n
1606ja,今年は早くも花粉症勃発,n,n,p,n,n,n,p,n
1607ja,隣のやつの咳がわざとらしくてイライラする,n,n,n,p,n,n,n,n
1608ja,インフルで学級閉鎖の危機！テンション上がるわ！,p,n,n,n,n,p,n,n
1609ja,花粉症対策でマスク愛用してます。,n,n,p,n,n,n,p,n
1610ja,咳がひど過ぎて腹筋やばい,n,n,n,p,n,n,n,n
1611ja,みんな下痢って、まさか集団食中毒？？,n,n,n,n,n,n,n,n
1612ja,風邪引いたし会社休めるって発想やばいよな,n,n,n,n,n,n,n,p
1613ja,まさか自分が花粉症になるとは。鼻かみ過ぎて手が疲れる。,n,n,p,n,n,n,p,n
1614ja,鼻風邪はいまいち治りにくくて長引くからやばい,n,n,n,n,n,n,p,p
1615ja,風邪の季節だ。強い体で頑張ろう,n,n,n,n,n,n,n,n
1616ja,部活のメンバー全員で握手会に行く予定だけど、インフルが絶賛蔓延中だから不安だよ。,p,n,n,n,n,p,n,n
1617ja,やばい鼻水が止まらない、今日は休む,n,n,n,n,n,n,p,n
1618ja,今日は一段と鼻づまりが酷くて息苦しい。ごはんの味がしなくて萎える。,n,n,n,n,n,n,p,n
1619ja,またインフルの季節がきた,n,n,n,n,n,n,n,n
1620ja,鳥インフルってどうなったの？,n,n,n,n,n,n,n,n
1621ja,風邪を引いたのは今年最初だ。強い解熱ができる薬ないかなぁ。,n,n,n,n,n,p,n,p
1622ja,軽い頭痛だから、大丈夫っしょ。,n,n,n,n,p,n,n,n
1623ja,鼻風邪によく効く薬って何かありますか。,n,n,n,n,n,n,p,p
1624ja,隣に住むゆとり世代の女性が、ブログに咳をして高熱でうなされてる写真を投稿してるよ。,n,n,n,p,n,p,n,n
1625ja,頭痛が一番怖くて、めったにならないので対策を教えてください。,n,n,n,n,n,n,n,n
1626ja,やばい、お腹が痛いと思ったら下痢だ。,n,p,n,n,n,n,n,n
1627ja,今日は大事な会議なのに風邪とか最悪だ。,n,n,n,n,n,n,n,p
1628ja,掃除したら鼻づまりの薬を飲もう,n,n,n,n,n,n,p,n
1629ja,まさか花粉症にかかるとは思わなかったが、耳鼻科で花粉症と診断された。,n,n,p,n,n,n,p,n
1630ja,鼻づまりに苦しんでいる人にとって犬は癒される。,n,n,n,n,n,n,p,n
1631ja,嫁は熱があるから弁当を作ってくれない。自分で作るのも微妙だから今日は外食にしようかな。,n,n,n,n,n,p,n,n
1632ja,小説を翻訳してたら頭痛してきた。,n,n,n,n,n,n,n,n
1633ja,鳥インフルエンザにかかった、最悪,n,n,n,n,n,n,n,n
1634ja,鳥インフルエンザの検査って何分くらいかかるんだろ。,n,n,n,n,n,n,n,n
1635ja,下痢って英語でなんて言うんだっけ？,n,n,n,n,n,n,n,n
1636ja,頭痛もちなので対策として薬を持ち歩いている。,n,n,n,n,n,n,n,n
1637ja,本日病院。久し振りだ。そして落ち込んだ花粉症の診断の結果が出ました。,n,n,p,n,n,n,p,n
1638ja,風邪が治る薬を開発して欲しいよ。,n,n,n,n,n,n,n,p
1639ja,花粉症のお薬処方してもらってきた。飲んだら楽になりますように！,n,n,p,n,n,n,p,n
1640ja,鼻づまりがようやく治ってきて嬉しい。,n,n,n,n,n,n,p,n
1641ja,朝から下痢。昨日のカツ丼のせいか？,n,p,n,n,n,n,n,n
1642ja,鼻風邪をひいて気分が悪かったが友達から犬の写真付きメールが着信されて嬉しい気分になれた。,n,n,n,n,n,n,p,p
1643ja,部活の人インフルエンザ多すぎだよー,p,n,n,n,n,p,n,n
1644ja,風邪をひいたけど、これでゆっくり休めるね。,n,n,n,n,n,n,n,p
1645ja,わざとらしい咳する人うるさいからやめてほしいわ,n,n,n,p,n,n,n,n
1646ja,熱と鼻水のダブルパンチでフラフラですー。,n,n,n,n,n,p,p,n
1647ja,花粉症に効果のあるお茶とかないかな。,n,n,p,n,n,n,p,n
1648ja,朝起きたら下痢だったつらい。,n,p,n,n,n,n,n,n
1649ja,病院でまさかの花粉症と告げられた！喉も痛むし、微熱も続くからただの風邪だと思っていたのに。まさか花粉症とは。,n,n,p,p,n,p,p,p
1650ja,鼻水止まらないんだけど薬のみたくないから気合いで頑張ってます。,n,n,n,n,n,n,p,n
1651ja,季節性の風邪で熱が引かなくて神社のバイトに行けなくなっちゃった。巫女さんの服着たかった・・・,n,n,n,n,n,p,n,p
1652ja,英語で下痢を何ていうか、考えるだけで笑う。,n,n,n,n,n,n,n,n
1653ja,雑誌で鼻づまり解消法の記事読んでやってみたけど全然効かなくて吹いた。,n,n,n,n,n,n,p,n
1654ja,止まることない鼻水なんか気にしないぜ。,n,n,n,n,n,n,p,n
1655ja,起きるとお腹が痛くてやばいと思ったが案の定下痢,n,p,n,n,n,n,n,n
1656ja,鼻づまりを解消したい！このままでは無理だ。,n,n,n,n,n,n,p,n
1657ja,弟が熱出して仕事を休んだみたい。,n,n,n,n,n,p,n,n
1658ja,また鳥インフルかよ、勘弁してくれよ。,n,n,n,n,n,n,n,n
1659ja,わざとらしい咳をする上司って最悪。,n,n,n,p,n,n,n,n
1660ja,感染経路が不明ってニュースでやってたけど怖いなあ。初期は熱だけだそうだ。,n,n,n,n,n,n,n,n
1661ja,マスクしないでゲホゲホするやつなんなん？咳エチケット守れや。,n,n,n,p,n,n,n,n
1662ja,病院で貰った花粉症処方箋効果ないんだけど,n,n,p,n,n,n,p,n
1663ja,鼻づまりから解消されてきて徐々に嗅覚が戻ってきた。すっごく嬉しい。,n,n,n,n,n,n,p,n
1664ja,インフルワクチン注射したのに,p,n,n,n,n,p,n,n
1665ja,風邪つらい。熱が上がってきてるよ。解熱剤が欲しい。,n,n,n,n,n,p,n,p
1666ja,来春からは完璧に花粉症対策とるつもり！,n,n,n,n,n,n,n,n
1667ja,君も私も風邪。解熱剤もない。明日は開発所の会議。病院行きたいけど、科学が発達しても一瞬で治る薬はないからなあ。,n,n,n,n,n,p,n,p
1668ja,最近のゆとりは咳のエチケットすら知らんのか,n,n,n,p,n,n,n,n
1669ja,咳がひどくて腹筋が痛い。,n,n,n,p,n,n,n,n
1670ja,今日寒い中ずっと外を歩いていたからお腹が冷えて下痢してしまった。,n,p,n,n,n,n,n,n
1671ja,ノロの毒って、下痢して嘔吐して、全部出すしか治る方法がないらしいよ。,n,p,n,n,n,n,n,n
1672ja,花粉症には薬が処方されるけど、持続時間は長いけど眠くなるからなあ。,n,n,n,n,n,n,n,n
1673ja,痰が絡むようになってきたから意識して手洗い。,n,n,n,p,n,n,n,n
1674ja,こんなに激しい頭痛は久し振りだ。早く帰りたい。,n,n,n,n,p,n,n,n
1675ja,咳しすぎると疲れるっぽいね。,n,n,n,p,n,n,n,n
1676ja,鼻水やばし。止まる気配なし。,n,n,n,n,n,n,p,n
1677ja,風邪のせいで冬なのに花粉症と同じ状態,n,n,n,n,n,n,p,p
1678ja,なんか今日はすごく鼻水がやばい。,n,n,n,n,n,n,p,n
1679ja,ここまで花粉症の症状がヒドいのは久し振りだ。,n,n,p,n,n,n,p,n
1680ja,仕事で謎の着ぐるみ着せられて、熱出るわ、鼻水出るわ、もう最悪。休みたい。,n,n,n,n,n,p,p,n
1681ja,花粉症って対策法たくさんでてるけど結局何が一番効果的なの？,n,n,n,n,n,n,n,n
1682ja,笑っちゃいけないところで笑ってしまって、咳でごまかしたらわざとらしいと言われた。,n,n,n,n,n,n,n,n
1683ja,季節の変わり目は毎年熱出してる気がする。,n,n,n,n,n,p,n,n
1684ja,旅先のネパールで下痢になった。,n,n,n,n,n,n,n,n
1685ja,下手に解熱剤使うと風邪長引くらしいよ,n,n,n,n,n,p,n,p
1686ja,鼻づまりは写真に写らんしな,n,n,n,n,n,n,p,n
1687ja,花粉症対策はしていない、私はまだ花粉症未満。,n,n,n,n,n,n,n,n
1688ja,間違った花粉症対策してた。,n,n,p,n,n,n,p,n
1689ja,東京に来てから鼻づまりが治った。,n,n,n,n,n,n,n,n
1690ja,体だるい。バイトの面接前に風邪とは最悪だ。こりゃ参った。,n,n,n,n,n,n,n,p
1691ja,頭痛って頭をきついもので締め付けられる感覚だよね。,n,n,n,n,p,n,n,n
1692ja,鼻づまりによく効く薬知らない？,n,n,n,n,n,n,p,n
1693ja,風邪ひいたかな、鼻水が止まらない,n,n,n,n,n,n,p,p
1694ja,インフルエンザの季節だから、体調管理には気をつけないと。,n,n,n,n,n,n,n,n
1695ja,熱が出て、こりゃインフル感染か。,n,n,n,n,n,p,n,n
1696ja,まさかこの微熱が花粉症のせいだったなんて。,n,n,p,n,n,p,p,n
1697ja,風邪って病気に入らないよね。,n,n,n,n,n,n,n,n
1698ja,携帯が熱持ってる。やばいかもしれない。,n,n,n,n,n,n,n,n
1699ja,熱が出てきたんだけど、もしかしてあの病気に感染したのかな。,n,n,n,n,n,p,n,n
1700ja,鳥インフルの危機到来！,n,n,n,n,n,n,n,n
1701ja,インフルエンザワクチンって効果あるのかな・・・,n,n,n,n,n,n,n,n
1702ja,下痢やばい、お腹痛い、仕事やすむわ,n,p,n,n,n,n,n,n
1703ja,すごい頭痛やだ、だるい、やばい。,n,n,n,n,p,n,n,n
1704ja,暑い季節になると、涼しい場所を求めて、どうしてもクーラーの設置してある部屋に行くんだけど、逆に冷房病になったりして、熱出しちゃダメだよね。,n,n,n,n,n,p,n,n
1705ja,今年の新入社員がゆとりすぎるからか、咳しまくるのに何の対策もしてない。,n,n,n,p,n,n,n,n
1706ja,弟が熱出してるって聞いて弁当買って見舞いに来てるんだけど、普通にお腹空いたってがっついてて本当に病気だったのか微妙だ。,n,n,n,n,n,p,n,n
1707ja,鼻水が止まらないから本を読むのは一旦やめよう。,n,n,n,n,n,n,p,n
1708ja,花粉症対策早くしてくれー,n,n,n,n,n,n,n,n
1709ja,花粉症とアトピーで辛い。対策考えないと。,n,n,p,n,n,n,p,n
1710ja,インフルエンザになっちゃった。回復するまで外出できず。,p,n,n,n,n,p,n,n
1711ja,激しい頭痛に襲われてやばいからさっき帰宅した。寝る。,n,n,n,n,p,n,n,n
1712ja,花粉症は久し振りだって、ホントかなー,n,n,p,n,n,n,p,n
1713ja,体調管理しなくてもインフル１０年くらいかかってないわ,n,n,n,n,n,n,n,n
1714ja,本格的に風邪ひいた。,n,n,n,n,n,n,n,p
1715ja,咳や痰が出る時マスクをする事は最低限のエチケットだよね。,n,n,n,p,n,n,n,n
1716ja,テレビのニュースで、東京で熱が出る感染症がはやってるって言ってたけど誰かかかった人いる？,n,n,n,n,n,n,n,n
1717ja,いつもと違う牛乳を飲んだら下痢したー,n,p,n,n,n,n,n,n
1718ja,熱があるから眠れるか微妙だ,n,n,n,n,n,p,n,n
1719ja,何時も下痢気味だ。寒いよー,n,p,n,n,n,n,n,n
1720ja,鼻風邪で鼻づまり！誰か解消法教えてくれ。,n,n,n,n,n,n,p,p
1721ja,兄が昨晩手術だったのに、インフルで外出できなかったから、手土産の一つも持っていけなかったよ。,p,n,n,n,n,p,n,n
1722ja,鳥インフルエンザってこわっ。,n,n,n,n,n,n,n,n
1723ja,下痢って英語で何て言うの、って祖母に聞いたら爆笑された,n,n,n,n,n,n,n,n
1724ja,やばい、下痢、トイレはどこ？,n,p,n,n,n,n,n,n
1725ja,咳しすぎて腹筋が痛い。こんなことってある？,n,n,n,p,n,n,n,n
1726ja,インフルのワクチンはまだあるのか？,n,n,n,n,n,n,n,n
1727ja,鼻づまりの症状が解消されたから、東京を散歩してきたよ。散歩してると、自分が大好きなシーンに出会えるのがいいよね。キレイな風景とか、親子の会話とか。,n,n,n,n,n,n,n,n
1728ja,我が家の犬が鼻風邪みたいで心配だよー。,n,n,n,n,n,n,n,n
1729ja,もうインフルの季節か。,n,n,n,n,n,n,n,n
1730ja,こんな激しい頭痛久し振りで、だるいしさっき帰ってきた。,n,n,n,n,p,n,n,n
1731ja,ひどい下痢、毒でも盛られたに違いない,n,p,n,n,n,n,n,n
1732ja,インフルにかかったせいか、やたらと喉が渇く。,p,n,n,n,n,p,n,n
1733ja,花粉症に効果があるという療法を試してみる。,n,n,p,n,n,n,p,n
1734ja,インフルエンザ怖いからワクチンうってきたよ。,n,n,n,n,n,n,n,n
1735ja,鼻づまりが止まる気配なし！やばい。,n,n,n,n,n,n,p,n
1736ja,アトピー持ちだけど花粉症ではない、私,n,n,n,n,n,n,n,n
1737ja,花粉症の対策はどうしてる？,n,n,n,n,n,n,n,n
1738ja,英語で下痢ってなんていうのだ？,n,n,n,n,n,n,n,n
1739ja,風邪でぼーっとして何も頭に入らないよ。,n,n,n,n,n,n,n,p
1740ja,鼻づまりに効く薬がほしいっす,n,n,n,n,n,n,p,n
1741ja,最近下痢で腹が痛い。,n,p,n,n,n,n,n,n
1742ja,下痢って、英語でなんだっけ,n,n,n,n,n,n,n,n
1743ja,集団で下痢になったことを思い出す。怖い。,n,n,n,n,n,n,n,n
1744ja,最近平気だった花粉症が再発して、つらい。こんなに症状がキツイのは久し振り。,n,n,p,n,n,n,p,n
1745ja,わざとらしい咳払いして来るおばさんキライー,n,n,n,p,n,n,n,n
1746ja,スペインで風邪が流行っているみたい。,n,n,n,n,n,n,n,n
1747ja,せっかくの旅行だってのに風邪をひくなんて最悪だ。,n,n,n,n,n,n,n,p
1748ja,インフルエンザが流行る前にワクチンを打ってきた。,n,n,n,n,n,n,n,n
1749ja,娘が熱出して、仕事に行けない,n,n,n,n,n,p,n,n
1750ja,微熱なんだけど花粉症か風邪か判別し難い。,n,n,p,n,n,p,p,p
1751ja,あとからわかったけどインフルだった友達と握手しちまった。,p,n,n,n,n,p,n,n
1752ja,テレビでは感染しても熱はでないって言ってたけど。,n,n,n,n,n,n,n,n
1753ja,最近お腹が痛くて下痢が続いてる。,n,p,n,n,n,n,n,n
1754ja,なんか鼻風邪ひいたっぽい,n,n,n,n,n,n,p,p
1755ja,こんな悲しいシーン見て泣かないなんて無理。鼻水止まらない。,n,n,n,n,n,n,n,n
1756ja,娘が熱を出してリンパも腫れてるとかで、朝から嫁が病院に連れてってるらしい。今日は仕事さっさと終わらせよう。,n,n,n,n,n,p,n,n
1757ja,最近毎朝下痢気味で仕事行く気なし。,n,p,n,n,n,n,n,n
1758ja,咳、痰が一週間続いた朝、胸が痛くて肋骨骨折してると思った。,n,n,n,n,n,n,n,n
1759ja,頭痛がきつくて学校休みたい,n,n,n,n,p,n,n,n
1760ja,今日鼻水とまらなかったら病院行く。,n,n,n,n,n,n,p,n
1761ja,風邪でだるいときに限って、仕事が忙しい。,n,n,n,n,n,n,n,p
1762ja,来春は花粉症デビューの予感,n,n,n,n,n,n,n,n
1763ja,ネパール料理辛すぎて下痢した。,n,p,n,n,n,n,n,n
1764ja,頭痛がしてきたので、早めに家に帰ることとした。まだ頭痛が軽いうちに風呂に入り寝ることとしよう。,n,n,n,n,p,n,n,n
1765ja,部活のあとインフルのワクチン打ってきた。,n,n,n,n,n,n,n,n
1766ja,インフルからやっと回復した。,n,n,n,n,n,n,n,n
1767ja,朝は頭痛がやばかったけど帰宅して寝たら頭が軽くなったかも・・・,n,n,n,n,p,n,n,n
1768ja,あの子の鼻づまりの声が大好きだ。,n,n,n,n,n,n,n,n
1769ja,花粉症対策ってあんまり効果ないみたいね。,n,n,n,n,n,n,n,n
1770ja,医者に処方してもらった薬を飲んだら、花粉症の症状が治まった。,n,n,p,n,n,n,p,n
1771ja,月曜は何時も下痢だわ,n,p,n,n,n,n,n,n
1772ja,眠い、眠い、眠い、眠い、眠い、眠い、眠い、眠い、風邪ひいたことにしようかな,n,n,n,n,n,n,n,n
1773ja,友人に、風邪ひいて大変だな、って言われたから、クラスで最初にひいたの君じゃないの？、って言ったら逃げられた。笑,n,n,n,n,n,n,n,p
1774ja,鳥インフル、ホントこえぇ,n,n,n,n,n,n,n,n
1775ja,インフルから回復したら部活復帰しますね。,p,n,n,n,n,p,n,n
1776ja,熱っぽいけど仕事休めない。,n,n,n,n,n,p,n,n
1777ja,なんか鼻づまりで、息が苦しい。,n,n,n,n,n,n,p,n
1778ja,痰が止まらないなあ。,n,n,n,p,n,n,n,n
1779ja,人に向かって咳するとかエチケットの観念ないの,n,n,n,p,n,n,n,n
1780ja,熱があるので布団に潜ってずっと携帯みてる。飽きてきた。,n,n,n,n,n,p,n,n
1781ja,花粉症で鼻水がつらい。微熱もあるし。,n,n,p,n,n,p,p,n
1782ja,腹筋すれば咳は止まるよ。,n,n,n,p,n,n,n,n
1783ja,頭痛がひどすぎてきつい。,n,n,n,n,p,n,n,n
1784ja,風邪で鼻づまりがひどい。,n,n,n,n,n,n,p,p
1785ja,祖母が下痢だって言ってトイレから出てこない。トイレ行きたいよ〜,n,p,n,n,n,n,n,n
1786ja,咳や痰が出て、風邪薬で対処していたものの、高熱が出始めたので病院に行ってみたら、全く違う病気と診断された女性のブログを読みました。,n,n,n,n,n,n,n,n
1787ja,熱下がったけど咳が止まることはなかった。,n,n,n,p,n,n,n,n
1788ja,インフルのワクチン打たなきゃいけないな,n,n,n,n,n,n,n,n
1789ja,咳を抑えるのは手洗いが一番だわ,n,n,n,p,n,n,n,n
1790ja,テストの日に風邪を引いた。最悪だー。,n,n,n,n,n,n,n,p
1791ja,風邪で頭がぼーっとして参った,n,n,n,n,n,n,n,p
1792ja,電車で咳してる人居たんだけど、頑張って抑えるとか、せめて手で口押さえるのがエチケットじゃない？最悪。,n,n,n,p,n,n,n,n
1793ja,インフルが流行って、部活が中止になって、暇だ。,p,n,n,n,n,p,n,n
1794ja,今年は花粉症の人は少ないようだ。,n,n,n,n,n,n,n,n
1795ja,ニュースで熱が流行る季節がきたってやってたよ,n,n,n,n,n,n,n,n
1796ja,風邪は病気に入るの？,n,n,n,n,n,n,n,n
1797ja,熱もあるし鼻水も出るしつらい。,n,n,n,n,n,p,p,n
1798ja,朝、頭痛がしてやばいと思った。,n,n,n,n,p,n,n,n
1799ja,風邪で薬のんだけど、なんか鼻水だけ止まらない。,n,n,n,n,n,n,p,p
1800ja,携帯アプリのゲーム熱はどの世代にも起きている。,n,n,n,n,n,n,n,n
1801ja,最近、体調が今一だとは思ってたんだが、寒気するわだるいわ頭痛いわでこりゃ本格的に風邪だな。,n,n,n,n,p,n,n,p
1802ja,鼻づまりがやばすぎて、薬に頼ってしまったよ,n,n,n,n,n,n,p,n
1803ja,鼻づまりがひどくてやばい。なんかやんなってきた。,n,n,n,n,n,n,p,n
1804ja,頭痛のときはマジきついよ。,n,n,n,n,p,n,n,n
1805ja,インフルエンザの土産はいらないよ,p,n,n,n,n,p,n,n
1806ja,この季節はインフルの予防接種めんどうだけど行かなきゃ,n,n,n,n,n,n,n,n
1807ja,今年も鳥インフルエンザがあったのか。,n,n,n,n,n,n,n,n
1808ja,頭痛対策はおいしいグルメ巡りで解決。,n,n,n,n,p,n,n,n
1809ja,下痢やばい学校間に合わん,n,p,n,n,n,n,n,n
1810ja,今日学校でスペイン風邪のこと習った。,n,n,n,n,n,n,n,n
1811ja,花粉症、マジ疲れる。鼻かみすぎて痛む。中国の黄砂も来てるんじゃねぇの？,n,n,p,n,n,n,p,n
1812ja,今年もインフルエンザが流行りだす前にワクチンを打とう。,n,n,n,n,n,n,n,n
1813ja,最近、寒いとすぐ下痢する。,n,p,n,n,n,n,n,n
1814ja,季節の変わり目には熱が出やすい。,n,n,n,n,n,n,n,n
1815ja,テレビで厚労の人が熱とか感染の問題について話してた。,n,n,n,n,n,n,n,n
1816ja,頭痛やばいから軽く寝る。,n,n,n,n,p,n,n,n
1817ja,今日は鼻水がやばいから休むわ。,n,n,n,n,n,n,p,n
1818ja,下痢の時にサッカーするとやばい。,n,p,n,n,n,n,n,n
1819ja,頭痛の種は契約が更新してもらえるかどうかだな,n,n,n,n,n,n,n,n
1820ja,昨日から頭痛でだるいなとおもっていたら、案の定今日風邪をひいた。,n,n,n,n,p,n,n,p
1821ja,熱が出ているうちは、まだ仕事休んだらいいのに,n,n,n,n,n,p,n,n
1822ja,インフルにかかった。爆笑。,p,n,n,n,n,p,n,n
1823ja,病院で花粉症に効果がある薬を処方してもらった。,n,n,p,n,n,n,p,n
1824ja,鼻水止まらない、仕事無理だ。,n,n,n,n,n,n,p,n
1825ja,来春の花粉症少ない見通しだって！助かる！,n,n,n,n,n,n,n,n
1826ja,痰が止まるとすっごい楽になる。,n,n,n,n,n,n,n,n
1827ja,東京は今朝も涼しくむしろ寒いくらいです。季節は夏だというのに何だかおかしいです。こんな変な天気だからか、周りでは風邪をひいて熱を出す人が出ています。,n,n,n,n,n,n,n,n
1828ja,インフルザエンザの季節が来てしまった。,n,n,n,n,n,n,n,n
1829ja,英語で下痢って何ていうんだっけ。誰か言ってた気がするんだけど思い出せない。,n,n,n,n,n,n,n,n
1830ja,インフルの季節だね〜、ワクチン打たなきゃ,n,n,n,n,n,n,n,n
1831ja,花粉症は大量のティッシュを使う,n,n,n,n,n,n,n,n
1832ja,風邪引いて病院行こうと思ったけど、時間ないから、解熱剤飲んで様子見る。,n,n,n,n,n,p,n,p
1833ja,微熱が続くから病院行ったら、ただの花粉症しかないって言われた,n,n,p,n,n,p,p,n
1834ja,インフルのワクチン打ってきた！,n,n,n,n,n,n,n,n
1835ja,インフル蔓延しすぎてるから今日は部活お休みだって〜。不満。,p,n,n,n,n,p,n,n
1836ja,旅先で祖母に下痢の症状があり、薬局で英語が通じなかったのもいい思い出だ。,n,n,n,n,n,n,n,n
1837ja,高熱出てうなされていた昨夜。咳も止まらないよ。,n,n,n,p,n,n,n,n
1838ja,せっかく東京に来たんだが鼻水がひどくてふらふらする、無念。,n,n,n,n,n,n,p,n
1839ja,熱こじらせた。さっきテレビのニュースで厚労省が言ってたやばいウイルスに感染したかも。,n,n,n,n,n,p,n,n
1840ja,鼻風邪は犬も食わないってさ。,n,n,n,n,n,n,p,p
1841ja,弁当の熱がだいぶありびっくりしたよ。,n,n,n,n,n,n,n,n
1842ja,鼻水とか鼻血とか他人の体液に触れるのは生理的に無理だな。,n,n,n,n,n,n,n,n
1843ja,今日は鼻水に加え鼻づまりにもなった。どうしても口呼吸になって口が乾いてやばい。明日は大切な会議があって休むわけにはいかない。やばい、やばい。,n,n,n,n,n,n,p,n
1844ja,頭痛がするし熱っぽいしだるいし風邪をひいたらしい。,n,n,n,n,p,p,n,p
1845ja,咳がひどいけど熱が下がったっぽくてよかった。,n,n,n,p,n,p,n,n
1846ja,ところで契約書の翻訳作業はどうなったんだろう。きついスケジュールだから頭痛が酷いらしい。相手に聞いてみるわ。,n,n,n,n,p,n,n,n
1847ja,この寒気、本格的に風邪だ,n,n,n,n,n,n,n,p
1848ja,花粉症のせいで常にしんどい。ぼーっとして先輩の名前を間違えるという失態を犯してしまった。,n,n,p,n,n,n,p,n
1849ja,鼻水が出すぎて、止まるのかどうか不安になるよ。,n,n,n,n,n,n,p,n
1850ja,下痢だが体力をつけるために食う。,n,p,n,n,n,n,n,n
1851ja,何時も元気なのに朝から下痢でお腹痛いし具合悪い。,n,p,n,n,n,n,n,n
1852ja,祖母から下痢の薬を貰って飲んだ。,n,p,n,n,n,n,n,n
1853ja,花粉症でまさかの入院もあるらしい。,n,n,n,n,n,n,n,n
1854ja,水の様な鼻水が止まらない。やばい学校休む。,n,n,n,n,n,n,p,n
1855ja,咳が止まらないので、手洗いをわざとらしいくらいにやってみた。,n,n,n,p,n,n,n,n
1856ja,牛丼食べてから下痢が止まらん。,n,p,n,n,n,n,n,n
1857ja,熱は下がったけど咳が止まらない。,n,n,n,p,n,p,n,n
1858ja,鎮痛剤も効かないレベルの頭痛に悩まされている。きつい・・・。,n,n,n,n,p,n,n,n
1859ja,熱が出たからインフルに感染してるかも,n,n,n,n,n,p,n,n
1860ja,咳がやっと止まってきたよー。よかった,n,n,n,p,n,n,n,n
1861ja,インフルにかかったのも原発のせいだって？,n,n,n,n,n,n,n,n
1862ja,風邪で休めるけどそれはそれでつらいもんよね。,n,n,n,n,n,n,n,p
1863ja,中国で鳥インフルエンザが確認されたとさっきテレビで言ってたよ。,n,n,n,n,n,n,n,n
1864ja,ところで頭痛に効く何か良薬知ってる？,n,n,n,n,p,n,n,n
1865ja,ちょっとお腹痛いとおもったら、やっぱり下痢になった。,n,p,n,n,n,n,n,n
1866ja,熱があるみたい。鼻水も止まらない。,n,n,n,n,n,p,p,n
1867ja,花粉症患者にはつらい季節がやって参りました,n,n,n,n,n,n,n,n
1868ja,絶対使わない英語１００選、みたいな本で下痢が書かれてたんだけど、なんて言うんだか忘れてめっちゃ気になる！,n,n,n,n,n,n,n,n
1869ja,朝から問題発生しています。娘が熱あるけどまだあきらめないよ、お母さんは。,n,n,n,n,n,p,n,n
1870ja,電車で咳をするときに手で口を押さえない人はエチケットがない。,n,n,n,p,n,n,n,n
1871ja,最悪だ！だるいし寒気するし風邪引いたっぽい。,n,n,n,n,n,n,n,p
1872ja,朝から頭痛がしてやばい。もう少し、寝る。,n,n,n,n,p,n,n,n
1873ja,鼻水が止まるのが先か電車が運転再開するのが先か。,n,n,n,n,n,n,p,n
1874ja,妻が微熱と花粉症でぐったり気味。,n,n,p,n,n,p,p,n
1875ja,スペイン風邪のような感染症が再来したら大変だよね。,n,n,n,n,n,n,n,n
1876ja,まさかの花粉症再発。,n,n,p,n,n,n,p,n
1877ja,今年は花粉症の対策をしないぞ,n,n,n,n,n,n,n,n
1878ja,やばい、朝から下痢。お腹痛い。,n,p,n,n,n,n,n,n
1879ja,本格的に風邪を引いたようなので、身体を休めます,n,n,n,n,n,n,n,p
1880ja,鼻風邪が酷すぎるから今日は会社休む。,n,n,n,n,n,n,p,p
1881ja,インフルエンザっていつ回復すんの？,p,n,n,n,n,p,n,n
1882ja,ネパールに旅行した時の下痢の酷さは未だに思い出す。,n,n,n,n,n,n,n,n
1883ja,熱くらいで休むとみんなになんか言われるからなあ。,n,n,n,n,n,p,n,n
1884ja,喉の炎症は薬でなんとかなったけど、まだ鼻水が止まらないし、頭も痛いから今日も休むわ,n,n,n,p,p,n,p,n
1885ja,インフルエンザが流行る季節が来た,n,n,n,n,n,n,n,n
1886ja,最悪だよ、すごい頭痛だよ、完璧に本格的な風邪だなこりゃ。,n,n,n,n,p,n,n,p
1887ja,くしゃみ、鼻水、鼻づまり、目の痒み、まさか花粉症じゃないよね？,n,n,p,n,n,n,p,n
1888ja,喉が異常に渇くと思ったらインフルエンザにかかっていた件。早めに病院行ってよかった。,n,n,n,n,n,p,n,n
1889ja,ネパールに旅行に行った時、水が合わなかったのか一晩下痢が続いて大変だった。,n,n,n,n,n,n,n,n
1890ja,花粉症対策にはマスクが一番です。,n,n,n,n,n,n,n,n
1891ja,薬を飲んだら鼻水止まったぜ！,n,n,n,n,n,n,n,n
1892ja,熱でくらくらして日課のお弁当作れなかった。,n,n,n,n,n,p,n,n
1893ja,下痢だしお腹痛いけど仕事に行けるかなあ。,n,p,n,n,n,n,n,n
1894ja,鼻水を止める薬を飲んだら眠くてやばい。,n,n,n,n,n,n,p,n
1895ja,この前会社で集団下痢事件があったんだけど。怖すぎ。,n,n,n,n,n,n,n,n
1896ja,誰か鼻風邪の薬持ってない？,n,n,n,n,n,n,p,p
1897ja,頭痛対策まだわからない！,n,n,n,n,p,n,n,n
1898ja,咳をするとき口元を抑えるのはエチケットだよね。,n,n,n,p,n,n,n,n
1899ja,頭痛が激しいから、今日はもう帰ることにした。,n,n,n,n,p,n,n,n
1900ja,咳を抑える薬が必要だ。,n,n,n,p,n,n,n,n
1901ja,咳を抑える薬買わなきゃ。,n,n,n,p,n,n,n,n
1902ja,痰が混じる咳がひどいと胸が痛くなる。,n,n,n,p,n,n,n,n
1903ja,スペインの人って陽気だから風邪とかひかなそう！,n,n,n,n,n,n,n,n
1904ja,やばい、お腹痛い、下痢かも,n,p,n,n,n,n,n,n
1905ja,朝起きたらお腹痛くて下ってる。下痢とかやばい。,n,p,n,n,n,n,n,n
1906ja,おたふく風邪によく効く薬が開発されたらしいよ,n,n,n,n,n,n,n,n
1907ja,熱出して今日はずっとテレビみてる。また東京行きたいな。,n,n,n,n,n,p,n,n
1908ja,左右どちらかが鼻づまりしている自分が大好きだ。,n,n,n,n,n,n,p,n
1909ja,もう既にインフルエンザワクチンが不足してるらしい。,n,n,n,n,n,n,n,n
1910ja,電車で隣に座ってる人、手で抑えず痰が絡むような咳をしてる。迷惑。,n,n,n,p,n,n,n,n
1911ja,英語で下痢は何て言うか知ってる？,n,n,n,n,n,n,n,n
1912ja,花粉症で鼻水が止まらなくて鼻かみすぎて鼻が痛い。,n,n,p,n,n,n,p,n
1913ja,寒気がすごいんだけどこれって風邪ですかね？,n,n,n,n,n,n,n,p
1914ja,女性が痰をはいている姿は見たくないなあ。,n,n,n,p,n,n,n,n
1915ja,まとめブログ読んでたけど、犬も鼻風邪引くんだな。写真載ってた。,n,n,n,n,n,n,n,n
1916ja,ネパール行って下痢が止まらなかったの思い出した,n,n,n,n,n,n,n,n
1917ja,寒気でだるいし頭はぼーっとするし、風邪っぽい,n,n,n,n,n,n,n,p
1918ja,何時もお腹痛いってトイレに行ってるけど、下痢をしてるわけじゃないよ。,n,p,n,n,n,n,n,n
1919ja,鳥インフルが流行する。,n,n,n,n,n,n,n,n
1920ja,風邪を引いたのはおたふく以来だ・・・,n,n,n,n,n,n,n,p